0,0,106.5,4.33
0,1,106.5,6.062
0,2,106.5,7.794
0,3,106.5,9.526
0,4,106.5,11.258
0,5,106.5,12.99
0,6,106.5,14.722
0,7,106.5,16.454
0,8,106.5,18.186
0,9,106.5,19.918
0,10,106.5,21.65
0,11,106.5,23.382
0,12,106.5,25.114
0,13,106.5,26.846
0,14,106.5,28.578
0,15,106.5,30.31
0,16,106.5,32.042
0,17,106.5,33.774
0,18,106.5,35.506
0,19,106.5,37.238
0,20,106.5,38.97
0,21,106.5,40.702
0,22,106.5,42.434
0,23,106.5,44.166
0,24,106.5,45.898
0,25,106.5,47.63
0,26,106.5,49.362
0,27,106.5,51.094
0,28,106.5,52.826
0,29,106.5,54.558
0,30,106.5,56.29
0,31,106.5,58.022
0,32,106.5,59.754
0,33,106.5,61.486
0,34,106.5,63.218
0,35,106.5,64.95
0,36,106.5,66.682
0,37,106.5,68.414
0,38,106.5,70.146
0,39,106.5,71.878
0,40,106.5,73.61
0,41,106.5,75.342
0,42,106.5,77.074
0,43,106.5,78.806
0,44,106.5,80.538
0,45,106.5,82.27
0,46,106.5,84.002
0,47,106.5,85.734
0,48,106.5,87.466
0,49,106.5,89.198
0,50,106.5,90.93
0,51,106.5,92.662
0,52,106.5,94.394
0,53,106.5,96.126
0,54,106.5,97.858
0,55,106.5,99.59
1,0,105,3.464
1,1,105,5.196
1,2,105,6.928
1,3,105,8.66
1,4,105,10.392
1,5,105,12.124
1,6,105,13.856
1,7,105,15.588
1,8,105,17.32
1,9,105,19.052
1,10,105,20.784
1,11,105,22.516
1,12,105,24.248
1,13,105,25.98
1,14,105,27.712
1,15,105,29.444
1,16,105,31.176
1,17,105,32.908
1,18,105,34.64
1,19,105,36.372
1,20,105,38.104
1,21,105,39.836
1,22,105,41.568
1,23,105,43.3
1,24,105,45.032
1,25,105,46.764
1,26,105,48.496
1,27,105,50.228
1,28,105,51.96
1,29,105,53.692
1,30,105,55.424
1,31,105,57.156
1,32,105,58.888
1,33,105,60.62
1,34,105,62.352
1,35,105,64.084
1,36,105,65.816
1,37,105,67.548
1,38,105,69.28
1,39,105,71.012
1,40,105,72.744
1,41,105,74.476
1,42,105,76.208
1,43,105,77.94
1,44,105,79.672
1,45,105,81.404
1,46,105,83.136
1,47,105,84.868
1,48,105,86.6
1,49,105,88.332
1,50,105,90.064
1,51,105,91.796
1,52,105,93.528
1,53,105,95.26
1,54,105,96.992
1,55,105,98.724
1,56,105,100.456
2,0,103.5,2.598
2,1,103.5,4.33
2,2,103.5,6.062
2,3,103.5,7.794
2,4,103.5,9.526
2,5,103.5,11.258
2,6,103.5,12.99
2,7,103.5,14.722
2,8,103.5,16.454
2,9,103.5,18.186
2,10,103.5,19.918
2,11,103.5,21.65
2,12,103.5,23.382
2,13,103.5,25.114
2,14,103.5,26.846
2,15,103.5,28.578
2,16,103.5,30.31
2,17,103.5,32.042
2,18,103.5,33.774
2,19,103.5,35.506
2,20,103.5,37.238
2,21,103.5,38.97
2,22,103.5,40.702
2,23,103.5,42.434
2,24,103.5,44.166
2,25,103.5,45.898
2,26,103.5,47.63
2,27,103.5,49.362
2,28,103.5,51.094
2,29,103.5,52.826
2,30,103.5,54.558
2,31,103.5,56.29
2,32,103.5,58.022
2,33,103.5,59.754
2,34,103.5,61.486
2,35,103.5,63.218
2,36,103.5,64.95
2,37,103.5,66.682
2,38,103.5,68.414
2,39,103.5,70.146
2,40,103.5,71.878
2,41,103.5,73.61
2,42,103.5,75.342
2,43,103.5,77.074
2,44,103.5,78.806
2,45,103.5,80.538
2,46,103.5,82.27
2,47,103.5,84.002
2,48,103.5,85.734
2,49,103.5,87.466
2,50,103.5,89.198
2,51,103.5,90.93
2,52,103.5,92.662
2,53,103.5,94.394
2,54,103.5,96.126
2,55,103.5,97.858
2,56,103.5,99.59
2,57,103.5,101.322
3,0,102,1.732
3,1,102,3.464
3,2,102,5.196
3,3,102,6.928
3,4,102,8.66
3,5,102,10.392
3,6,102,12.124
3,7,102,13.856
3,8,102,15.588
3,9,102,17.32
3,10,102,19.052
3,11,102,20.784
3,12,102,22.516
3,13,102,24.248
3,14,102,25.98
3,15,102,27.712
3,16,102,29.444
3,17,102,31.176
3,18,102,32.908
3,19,102,34.64
3,20,102,36.372
3,21,102,38.104
3,22,102,39.836
3,23,102,41.568
3,24,102,43.3
3,25,102,45.032
3,26,102,46.764
3,27,102,48.496
3,28,102,50.228
3,29,102,51.96
3,30,102,53.692
3,31,102,55.424
3,32,102,57.156
3,33,102,58.888
3,34,102,60.62
3,35,102,62.352
3,36,102,64.084
3,37,102,65.816
3,38,102,67.548
3,39,102,69.28
3,40,102,71.012
3,41,102,72.744
3,42,102,74.476
3,43,102,76.208
3,44,102,77.94
3,45,102,79.672
3,46,102,81.404
3,47,102,83.136
3,48,102,84.868
3,49,102,86.6
3,50,102,88.332
3,51,102,90.064
3,52,102,91.796
3,53,102,93.528
3,54,102,95.26
3,55,102,96.992
3,56,102,98.724
3,57,102,100.456
3,58,102,102.188
4,0,100.5,0.866
4,1,100.5,2.598
4,2,100.5,4.33
4,3,100.5,6.062
4,4,100.5,7.794
4,5,100.5,9.526
4,6,100.5,11.258
4,7,100.5,12.99
4,8,100.5,14.722
4,9,100.5,16.454
4,10,100.5,18.186
4,11,100.5,19.918
4,12,100.5,21.65
4,13,100.5,23.382
4,14,100.5,25.114
4,15,100.5,26.846
4,16,100.5,28.578
4,17,100.5,30.31
4,18,100.5,32.042
4,19,100.5,33.774
4,20,100.5,35.506
4,21,100.5,37.238
4,22,100.5,38.97
4,23,100.5,40.702
4,24,100.5,42.434
4,25,100.5,44.166
4,26,100.5,45.898
4,27,100.5,47.63
4,28,100.5,49.362
4,29,100.5,51.094
4,30,100.5,52.826
4,31,100.5,54.558
4,32,100.5,56.29
4,33,100.5,58.022
4,34,100.5,59.754
4,35,100.5,61.486
4,36,100.5,63.218
4,37,100.5,64.95
4,38,100.5,66.682
4,39,100.5,68.414
4,40,100.5,70.146
4,41,100.5,71.878
4,42,100.5,73.61
4,43,100.5,75.342
4,44,100.5,77.074
4,45,100.5,78.806
4,46,100.5,80.538
4,47,100.5,82.27
4,48,100.5,84.002
4,49,100.5,85.734
4,50,100.5,87.466
4,51,100.5,89.198
4,52,100.5,90.93
4,53,100.5,92.662
4,54,100.5,94.394
4,55,100.5,96.126
4,56,100.5,97.858
4,57,100.5,99.59
4,58,100.5,101.322
4,59,100.5,103.054
5,0,99,0
5,1,99,1.732
5,2,99,3.464
5,3,99,5.196
5,4,99,6.928
5,5,99,8.66
5,6,99,10.392
5,7,99,12.124
5,8,99,13.856
5,9,99,15.588
5,10,99,17.32
5,11,99,19.052
5,12,99,20.784
5,13,99,22.516
5,14,99,24.248
5,15,99,25.98
5,16,99,27.712
5,17,99,29.444
5,18,99,31.176
5,19,99,32.908
5,20,99,34.64
5,21,99,36.372
5,22,99,38.104
5,23,99,39.836
5,24,99,41.568
5,25,99,43.3
5,26,99,45.032
5,27,99,46.764
5,28,99,48.496
5,29,99,50.228
5,30,99,51.96
5,31,99,53.692
5,32,99,55.424
5,33,99,57.156
5,34,99,58.888
5,35,99,60.62
5,36,99,62.352
5,37,99,64.084
5,38,99,65.816
5,39,99,67.548
5,40,99,69.28
5,41,99,71.012
5,42,99,72.744
5,43,99,74.476
5,44,99,76.208
5,45,99,77.94
5,46,99,79.672
5,47,99,81.404
5,48,99,83.136
5,49,99,84.868
5,50,99,86.6
5,51,99,88.332
5,52,99,90.064
5,53,99,91.796
5,54,99,93.528
5,55,99,95.26
5,56,99,96.992
5,57,99,98.724
5,58,99,100.456
5,59,99,102.188
5,60,99,103.92
6,0,97.5,0.866
6,1,97.5,2.598
6,2,97.5,4.33
6,3,97.5,6.062
6,4,97.5,7.794
6,5,97.5,9.526
6,6,97.5,11.258
6,7,97.5,12.99
6,8,97.5,14.722
6,9,97.5,16.454
6,10,97.5,18.186
6,11,97.5,19.918
6,12,97.5,21.65
6,13,97.5,23.382
6,14,97.5,25.114
6,15,97.5,26.846
6,16,97.5,28.578
6,17,97.5,30.31
6,18,97.5,32.042
6,19,97.5,33.774
6,20,97.5,35.506
6,21,97.5,37.238
6,22,97.5,38.97
6,23,97.5,40.702
6,24,97.5,42.434
6,25,97.5,44.166
6,26,97.5,45.898
6,27,97.5,47.63
6,28,97.5,49.362
6,29,97.5,51.094
6,30,97.5,52.826
6,31,97.5,54.558
6,32,97.5,56.29
6,33,97.5,58.022
6,34,97.5,59.754
6,35,97.5,61.486
6,36,97.5,63.218
6,37,97.5,64.95
6,38,97.5,66.682
6,39,97.5,68.414
6,40,97.5,70.146
6,41,97.5,71.878
6,42,97.5,73.61
6,43,97.5,75.342
6,44,97.5,77.074
6,45,97.5,78.806
6,46,97.5,80.538
6,47,97.5,82.27
6,48,97.5,84.002
6,49,97.5,85.734
6,50,97.5,87.466
6,51,97.5,89.198
6,52,97.5,90.93
6,53,97.5,92.662
6,54,97.5,94.394
6,55,97.5,96.126
6,56,97.5,97.858
6,57,97.5,99.59
6,58,97.5,101.322
6,59,97.5,103.054
6,60,97.5,104.786
7,0,96,0
7,1,96,1.732
7,2,96,3.464
7,3,96,5.196
7,4,96,6.928
7,5,96,8.66
7,6,96,10.392
7,7,96,12.124
7,8,96,13.856
7,9,96,15.588
7,10,96,17.32
7,11,96,19.052
7,12,96,20.784
7,13,96,22.516
7,14,96,24.248
7,15,96,25.98
7,16,96,27.712
7,17,96,29.444
7,18,96,31.176
7,19,96,32.908
7,20,96,34.64
7,21,96,36.372
7,22,96,38.104
7,23,96,39.836
7,24,96,41.568
7,25,96,43.3
7,26,96,45.032
7,27,96,46.764
7,28,96,48.496
7,29,96,50.228
7,30,96,51.96
7,31,96,53.692
7,32,96,55.424
7,33,96,57.156
7,34,96,58.888
7,35,96,60.62
7,36,96,62.352
7,37,96,64.084
7,38,96,65.816
7,39,96,67.548
7,40,96,69.28
7,41,96,71.012
7,42,96,72.744
7,43,96,74.476
7,44,96,76.208
7,45,96,77.94
7,46,96,79.672
7,47,96,81.404
7,48,96,83.136
7,49,96,84.868
7,50,96,86.6
7,51,96,88.332
7,52,96,90.064
7,53,96,91.796
7,54,96,93.528
7,55,96,95.26
7,56,96,96.992
7,57,96,98.724
7,58,96,100.456
7,59,96,102.188
7,60,96,103.92
8,0,94.5,0.866
8,1,94.5,2.598
8,2,94.5,4.33
8,3,94.5,6.062
8,4,94.5,7.794
8,5,94.5,9.526
8,6,94.5,11.258
8,7,94.5,12.99
8,8,94.5,14.722
8,9,94.5,16.454
8,10,94.5,18.186
8,11,94.5,19.918
8,12,94.5,21.65
8,13,94.5,23.382
8,14,94.5,25.114
8,15,94.5,26.846
8,16,94.5,28.578
8,17,94.5,30.31
8,18,94.5,32.042
8,19,94.5,33.774
8,20,94.5,35.506
8,21,94.5,37.238
8,22,94.5,38.97
8,23,94.5,40.702
8,24,94.5,42.434
8,25,94.5,44.166
8,26,94.5,45.898
8,27,94.5,47.63
8,28,94.5,49.362
8,29,94.5,51.094
8,30,94.5,52.826
8,31,94.5,54.558
8,32,94.5,56.29
8,33,94.5,58.022
8,34,94.5,59.754
8,35,94.5,61.486
8,36,94.5,63.218
8,37,94.5,64.95
8,38,94.5,66.682
8,39,94.5,68.414
8,40,94.5,70.146
8,41,94.5,71.878
8,42,94.5,73.61
8,43,94.5,75.342
8,44,94.5,77.074
8,45,94.5,78.806
8,46,94.5,80.538
8,47,94.5,82.27
8,48,94.5,84.002
8,49,94.5,85.734
8,50,94.5,87.466
8,51,94.5,89.198
8,52,94.5,90.93
8,53,94.5,92.662
8,54,94.5,94.394
8,55,94.5,96.126
8,56,94.5,97.858
8,57,94.5,99.59
8,58,94.5,101.322
8,59,94.5,103.054
8,60,94.5,104.786
9,0,93,0
9,1,93,1.732
9,2,93,3.464
9,3,93,5.196
9,4,93,6.928
9,5,93,8.66
9,6,93,10.392
9,7,93,12.124
9,8,93,13.856
9,9,93,15.588
9,10,93,17.32
9,11,93,19.052
9,12,93,20.784
9,13,93,22.516
9,14,93,24.248
9,15,93,25.98
9,16,93,27.712
9,17,93,29.444
9,18,93,31.176
9,19,93,32.908
9,20,93,34.64
9,21,93,36.372
9,22,93,38.104
9,23,93,39.836
9,24,93,41.568
9,25,93,43.3
9,26,93,45.032
9,27,93,46.764
9,28,93,48.496
9,29,93,50.228
9,30,93,51.96
9,31,93,53.692
9,32,93,55.424
9,33,93,57.156
9,34,93,58.888
9,35,93,60.62
9,36,93,62.352
9,37,93,64.084
9,38,93,65.816
9,39,93,67.548
9,40,93,69.28
9,41,93,71.012
9,42,93,72.744
9,43,93,74.476
9,44,93,76.208
9,45,93,77.94
9,46,93,79.672
9,47,93,81.404
9,48,93,83.136
9,49,93,84.868
9,50,93,86.6
9,51,93,88.332
9,52,93,90.064
9,53,93,91.796
9,54,93,93.528
9,55,93,95.26
9,56,93,96.992
9,57,93,98.724
9,58,93,100.456
9,59,93,102.188
9,60,93,103.92
10,0,91.5,0.866
10,1,91.5,2.598
10,2,91.5,4.33
10,3,91.5,6.062
10,4,91.5,7.794
10,5,91.5,9.526
10,6,91.5,11.258
10,7,91.5,12.99
10,8,91.5,14.722
10,9,91.5,16.454
10,10,91.5,18.186
10,11,91.5,19.918
10,12,91.5,21.65
10,13,91.5,23.382
10,14,91.5,25.114
10,15,91.5,26.846
10,16,91.5,28.578
10,17,91.5,30.31
10,18,91.5,32.042
10,19,91.5,33.774
10,20,91.5,35.506
10,21,91.5,37.238
10,22,91.5,38.97
10,23,91.5,40.702
10,24,91.5,42.434
10,25,91.5,44.166
10,26,91.5,45.898
10,27,91.5,47.63
10,28,91.5,49.362
10,29,91.5,51.094
10,30,91.5,52.826
10,31,91.5,54.558
10,32,91.5,56.29
10,33,91.5,58.022
10,34,91.5,59.754
10,35,91.5,61.486
10,36,91.5,63.218
10,37,91.5,64.95
10,38,91.5,66.682
10,39,91.5,68.414
10,40,91.5,70.146
10,41,91.5,71.878
10,42,91.5,73.61
10,43,91.5,75.342
10,44,91.5,77.074
10,45,91.5,78.806
10,46,91.5,80.538
10,47,91.5,82.27
10,48,91.5,84.002
10,49,91.5,85.734
10,50,91.5,87.466
10,51,91.5,89.198
10,52,91.5,90.93
10,53,91.5,92.662
10,54,91.5,94.394
10,55,91.5,96.126
10,56,91.5,97.858
10,57,91.5,99.59
10,58,91.5,101.322
10,59,91.5,103.054
10,60,91.5,104.786
11,0,90,0
11,1,90,1.732
11,2,90,3.464
11,3,90,5.196
11,4,90,6.928
11,5,90,8.66
11,6,90,10.392
11,7,90,12.124
11,8,90,13.856
11,9,90,15.588
11,10,90,17.32
11,11,90,19.052
11,12,90,20.784
11,13,90,22.516
11,14,90,24.248
11,15,90,25.98
11,16,90,27.712
11,17,90,29.444
11,18,90,31.176
11,19,90,32.908
11,20,90,34.64
11,21,90,36.372
11,22,90,38.104
11,23,90,39.836
11,24,90,41.568
11,25,90,43.3
11,26,90,45.032
11,27,90,46.764
11,28,90,48.496
11,29,90,50.228
11,30,90,51.96
11,31,90,53.692
11,32,90,55.424
11,33,90,57.156
11,34,90,58.888
11,35,90,60.62
11,36,90,62.352
11,37,90,64.084
11,38,90,65.816
11,39,90,67.548
11,40,90,69.28
11,41,90,71.012
11,42,90,72.744
11,43,90,74.476
11,44,90,76.208
11,45,90,77.94
11,46,90,79.672
11,47,90,81.404
11,48,90,83.136
11,49,90,84.868
11,50,90,86.6
11,51,90,88.332
11,52,90,90.064
11,53,90,91.796
11,54,90,93.528
11,55,90,95.26
11,56,90,96.992
11,57,90,98.724
11,58,90,100.456
11,59,90,102.188
11,60,90,103.92
12,0,88.5,0.866
12,1,88.5,2.598
12,2,88.5,4.33
12,3,88.5,6.062
12,4,88.5,7.794
12,5,88.5,9.526
12,6,88.5,11.258
12,7,88.5,12.99
12,8,88.5,14.722
12,9,88.5,16.454
12,10,88.5,18.186
12,11,88.5,19.918
12,12,88.5,21.65
12,13,88.5,23.382
12,14,88.5,25.114
12,15,88.5,26.846
12,16,88.5,28.578
12,17,88.5,30.31
12,18,88.5,32.042
12,19,88.5,33.774
12,20,88.5,35.506
12,21,88.5,37.238
12,22,88.5,38.97
12,23,88.5,40.702
12,24,88.5,42.434
12,25,88.5,44.166
12,26,88.5,45.898
12,27,88.5,47.63
12,28,88.5,49.362
12,29,88.5,51.094
12,30,88.5,52.826
12,31,88.5,54.558
12,32,88.5,56.29
12,33,88.5,58.022
12,34,88.5,59.754
12,35,88.5,61.486
12,36,88.5,63.218
12,37,88.5,64.95
12,38,88.5,66.682
12,39,88.5,68.414
12,40,88.5,70.146
12,41,88.5,71.878
12,42,88.5,73.61
12,43,88.5,75.342
12,44,88.5,77.074
12,45,88.5,78.806
12,46,88.5,80.538
12,47,88.5,82.27
12,48,88.5,84.002
12,49,88.5,85.734
12,50,88.5,87.466
12,51,88.5,89.198
12,52,88.5,90.93
12,53,88.5,92.662
12,54,88.5,94.394
12,55,88.5,96.126
12,56,88.5,97.858
12,57,88.5,99.59
12,58,88.5,101.322
12,59,88.5,103.054
12,60,88.5,104.786
13,0,87,0
13,1,87,1.732
13,2,87,3.464
13,3,87,5.196
13,4,87,6.928
13,5,87,8.66
13,6,87,10.392
13,7,87,12.124
13,8,87,13.856
13,9,87,15.588
13,10,87,17.32
13,11,87,19.052
13,12,87,20.784
13,13,87,22.516
13,14,87,24.248
13,15,87,25.98
13,16,87,27.712
13,17,87,29.444
13,18,87,31.176
13,19,87,32.908
13,20,87,34.64
13,21,87,36.372
13,22,87,38.104
13,23,87,39.836
13,24,87,41.568
13,25,87,43.3
13,26,87,45.032
13,27,87,46.764
13,28,87,48.496
13,29,87,50.228
13,30,87,51.96
13,31,87,53.692
13,32,87,55.424
13,33,87,57.156
13,34,87,58.888
13,35,87,60.62
13,36,87,62.352
13,37,87,64.084
13,38,87,65.816
13,39,87,67.548
13,40,87,69.28
13,41,87,71.012
13,42,87,72.744
13,43,87,74.476
13,44,87,76.208
13,45,87,77.94
13,46,87,79.672
13,47,87,81.404
13,48,87,83.136
13,49,87,84.868
13,50,87,86.6
13,51,87,88.332
13,52,87,90.064
13,53,87,91.796
13,54,87,93.528
13,55,87,95.26
13,56,87,96.992
13,57,87,98.724
13,58,87,100.456
13,59,87,102.188
13,60,87,103.92
14,0,85.5,0.866
14,1,85.5,2.598
14,2,85.5,4.33
14,3,85.5,6.062
14,4,85.5,7.794
14,5,85.5,9.526
14,6,85.5,11.258
14,7,85.5,12.99
14,8,85.5,14.722
14,9,85.5,16.454
14,10,85.5,18.186
14,11,85.5,19.918
14,12,85.5,21.65
14,13,85.5,23.382
14,14,85.5,25.114
14,15,85.5,26.846
14,16,85.5,28.578
14,17,85.5,30.31
14,18,85.5,32.042
14,19,85.5,33.774
14,20,85.5,35.506
14,21,85.5,37.238
14,22,85.5,38.97
14,23,85.5,40.702
14,24,85.5,42.434
14,25,85.5,44.166
14,26,85.5,45.898
14,27,85.5,47.63
14,28,85.5,49.362
14,29,85.5,51.094
14,30,85.5,52.826
14,31,85.5,54.558
14,32,85.5,56.29
14,33,85.5,58.022
14,34,85.5,59.754
14,35,85.5,61.486
14,36,85.5,63.218
14,37,85.5,64.95
14,38,85.5,66.682
14,39,85.5,68.414
14,40,85.5,70.146
14,41,85.5,71.878
14,42,85.5,73.61
14,43,85.5,75.342
14,44,85.5,77.074
14,45,85.5,78.806
14,46,85.5,80.538
14,47,85.5,82.27
14,48,85.5,84.002
14,49,85.5,85.734
14,50,85.5,87.466
14,51,85.5,89.198
14,52,85.5,90.93
14,53,85.5,92.662
14,54,85.5,94.394
14,55,85.5,96.126
14,56,85.5,97.858
14,57,85.5,99.59
14,58,85.5,101.322
14,59,85.5,103.054
14,60,85.5,104.786
15,0,84,0
15,1,84,1.732
15,2,84,3.464
15,3,84,5.196
15,4,84,6.928
15,5,84,8.66
15,6,84,10.392
15,7,84,12.124
15,8,84,13.856
15,9,84,15.588
15,10,84,17.32
15,11,84,19.052
15,12,84,20.784
15,13,84,22.516
15,14,84,24.248
15,15,84,25.98
15,16,84,27.712
15,17,84,29.444
15,18,84,31.176
15,19,84,32.908
15,20,84,34.64
15,21,84,36.372
15,22,84,38.104
15,23,84,39.836
15,24,84,41.568
15,25,84,43.3
15,26,84,45.032
15,27,84,46.764
15,28,84,48.496
15,29,84,50.228
15,30,84,51.96
15,31,84,53.692
15,32,84,55.424
15,33,84,57.156
15,34,84,58.888
15,35,84,60.62
15,36,84,62.352
15,37,84,64.084
15,38,84,65.816
15,39,84,67.548
15,40,84,69.28
15,41,84,71.012
15,42,84,72.744
15,43,84,74.476
15,44,84,76.208
15,45,84,77.94
15,46,84,79.672
15,47,84,81.404
15,48,84,83.136
15,49,84,84.868
15,50,84,86.6
15,51,84,88.332
15,52,84,90.064
15,53,84,91.796
15,54,84,93.528
15,55,84,95.26
15,56,84,96.992
15,57,84,98.724
15,58,84,100.456
15,59,84,102.188
15,60,84,103.92
16,0,82.5,0.866
16,1,82.5,2.598
16,2,82.5,4.33
16,3,82.5,6.062
16,4,82.5,7.794
16,5,82.5,9.526
16,6,82.5,11.258
16,7,82.5,12.99
16,8,82.5,14.722
16,9,82.5,16.454
16,10,82.5,18.186
16,11,82.5,19.918
16,12,82.5,21.65
16,13,82.5,23.382
16,14,82.5,25.114
16,15,82.5,26.846
16,16,82.5,28.578
16,17,82.5,30.31
16,18,82.5,32.042
16,19,82.5,33.774
16,20,82.5,35.506
16,21,82.5,37.238
16,22,82.5,38.97
16,23,82.5,40.702
16,24,82.5,42.434
16,25,82.5,44.166
16,26,82.5,45.898
16,27,82.5,47.63
16,28,82.5,49.362
16,29,82.5,51.094
16,30,82.5,52.826
16,31,82.5,54.558
16,32,82.5,56.29
16,33,82.5,58.022
16,34,82.5,59.754
16,35,82.5,61.486
16,36,82.5,63.218
16,37,82.5,64.95
16,38,82.5,66.682
16,39,82.5,68.414
16,40,82.5,70.146
16,41,82.5,71.878
16,42,82.5,73.61
16,43,82.5,75.342
16,44,82.5,77.074
16,45,82.5,78.806
16,46,82.5,80.538
16,47,82.5,82.27
16,48,82.5,84.002
16,49,82.5,85.734
16,50,82.5,87.466
16,51,82.5,89.198
16,52,82.5,90.93
16,53,82.5,92.662
16,54,82.5,94.394
16,55,82.5,96.126
16,56,82.5,97.858
16,57,82.5,99.59
16,58,82.5,101.322
16,59,82.5,103.054
16,60,82.5,104.786
17,0,81,0
17,1,81,1.732
17,2,81,3.464
17,3,81,5.196
17,4,81,6.928
17,5,81,8.66
17,6,81,10.392
17,7,81,12.124
17,8,81,13.856
17,9,81,15.588
17,10,81,17.32
17,11,81,19.052
17,12,81,20.784
17,13,81,22.516
17,14,81,24.248
17,15,81,25.98
17,16,81,27.712
17,17,81,29.444
17,18,81,31.176
17,19,81,32.908
17,20,81,34.64
17,21,81,36.372
17,22,81,38.104
17,23,81,39.836
17,24,81,41.568
17,25,81,43.3
17,26,81,45.032
17,27,81,46.764
17,28,81,48.496
17,29,81,50.228
17,30,81,51.96
17,31,81,53.692
17,32,81,55.424
17,33,81,57.156
17,34,81,58.888
17,35,81,60.62
17,36,81,62.352
17,37,81,64.084
17,38,81,65.816
17,39,81,67.548
17,40,81,69.28
17,41,81,71.012
17,42,81,72.744
17,43,81,74.476
17,44,81,76.208
17,45,81,77.94
17,46,81,79.672
17,47,81,81.404
17,48,81,83.136
17,49,81,84.868
17,50,81,86.6
17,51,81,88.332
17,52,81,90.064
17,53,81,91.796
17,54,81,93.528
17,55,81,95.26
17,56,81,96.992
17,57,81,98.724
17,58,81,100.456
17,59,81,102.188
17,60,81,103.92
18,0,79.5,0.866
18,1,79.5,2.598
18,2,79.5,4.33
18,3,79.5,6.062
18,4,79.5,7.794
18,5,79.5,9.526
18,6,79.5,11.258
18,7,79.5,12.99
18,8,79.5,14.722
18,9,79.5,16.454
18,10,79.5,18.186
18,11,79.5,19.918
18,12,79.5,21.65
18,13,79.5,23.382
18,14,79.5,25.114
18,15,79.5,26.846
18,16,79.5,28.578
18,17,79.5,30.31
18,18,79.5,32.042
18,19,79.5,33.774
18,20,79.5,35.506
18,21,79.5,37.238
18,22,79.5,38.97
18,23,79.5,40.702
18,24,79.5,42.434
18,25,79.5,44.166
18,26,79.5,45.898
18,27,79.5,47.63
18,28,79.5,49.362
18,29,79.5,51.094
18,30,79.5,52.826
18,31,79.5,54.558
18,32,79.5,56.29
18,33,79.5,58.022
18,34,79.5,59.754
18,35,79.5,61.486
18,36,79.5,63.218
18,37,79.5,64.95
18,38,79.5,66.682
18,39,79.5,68.414
18,40,79.5,70.146
18,41,79.5,71.878
18,42,79.5,73.61
18,43,79.5,75.342
18,44,79.5,77.074
18,45,79.5,78.806
18,46,79.5,80.538
18,47,79.5,82.27
18,48,79.5,84.002
18,49,79.5,85.734
18,50,79.5,87.466
18,51,79.5,89.198
18,52,79.5,90.93
18,53,79.5,92.662
18,54,79.5,94.394
18,55,79.5,96.126
18,56,79.5,97.858
18,57,79.5,99.59
18,58,79.5,101.322
18,59,79.5,103.054
18,60,79.5,104.786
19,0,78,0
19,1,78,1.732
19,2,78,3.464
19,3,78,5.196
19,4,78,6.928
19,5,78,8.66
19,6,78,10.392
19,7,78,12.124
19,8,78,13.856
19,9,78,15.588
19,10,78,17.32
19,11,78,19.052
19,12,78,20.784
19,13,78,22.516
19,14,78,24.248
19,15,78,25.98
19,16,78,27.712
19,17,78,29.444
19,18,78,31.176
19,19,78,32.908
19,20,78,34.64
19,21,78,36.372
19,22,78,38.104
19,23,78,39.836
19,24,78,41.568
19,25,78,43.3
19,26,78,45.032
19,27,78,46.764
19,28,78,48.496
19,29,78,50.228
19,30,78,51.96
19,31,78,53.692
19,32,78,55.424
19,33,78,57.156
19,34,78,58.888
19,35,78,60.62
19,36,78,62.352
19,37,78,64.084
19,38,78,65.816
19,39,78,67.548
19,40,78,69.28
19,41,78,71.012
19,42,78,72.744
19,43,78,74.476
19,44,78,76.208
19,45,78,77.94
19,46,78,79.672
19,47,78,81.404
19,48,78,83.136
19,49,78,84.868
19,50,78,86.6
19,51,78,88.332
19,52,78,90.064
19,53,78,91.796
19,54,78,93.528
19,55,78,95.26
19,56,78,96.992
19,57,78,98.724
19,58,78,100.456
19,59,78,102.188
19,60,78,103.92
20,0,76.5,0.866
20,1,76.5,2.598
20,2,76.5,4.33
20,3,76.5,6.062
20,4,76.5,7.794
20,5,76.5,9.526
20,6,76.5,11.258
20,7,76.5,12.99
20,8,76.5,14.722
20,9,76.5,16.454
20,10,76.5,18.186
20,11,76.5,19.918
20,12,76.5,21.65
20,13,76.5,23.382
20,14,76.5,25.114
20,15,76.5,26.846
20,16,76.5,28.578
20,17,76.5,30.31
20,18,76.5,32.042
20,19,76.5,33.774
20,20,76.5,35.506
20,21,76.5,37.238
20,22,76.5,38.97
20,23,76.5,40.702
20,24,76.5,42.434
20,25,76.5,44.166
20,26,76.5,45.898
20,27,76.5,47.63
20,28,76.5,49.362
20,29,76.5,51.094
20,30,76.5,52.826
20,31,76.5,54.558
20,32,76.5,56.29
20,33,76.5,58.022
20,34,76.5,59.754
20,35,76.5,61.486
20,36,76.5,63.218
20,37,76.5,64.95
20,38,76.5,66.682
20,39,76.5,68.414
20,40,76.5,70.146
20,41,76.5,71.878
20,42,76.5,73.61
20,43,76.5,75.342
20,44,76.5,77.074
20,45,76.5,78.806
20,46,76.5,80.538
20,47,76.5,82.27
20,48,76.5,84.002
20,49,76.5,85.734
20,50,76.5,87.466
20,51,76.5,89.198
20,52,76.5,90.93
20,53,76.5,92.662
20,54,76.5,94.394
20,55,76.5,96.126
20,56,76.5,97.858
20,57,76.5,99.59
20,58,76.5,101.322
20,59,76.5,103.054
20,60,76.5,104.786
21,0,75,0
21,1,75,1.732
21,2,75,3.464
21,3,75,5.196
21,4,75,6.928
21,5,75,8.66
21,6,75,10.392
21,7,75,12.124
21,8,75,13.856
21,9,75,15.588
21,10,75,17.32
21,11,75,19.052
21,12,75,20.784
21,13,75,22.516
21,14,75,24.248
21,15,75,25.98
21,16,75,27.712
21,17,75,29.444
21,18,75,31.176
21,19,75,32.908
21,20,75,34.64
21,21,75,36.372
21,22,75,38.104
21,23,75,39.836
21,24,75,41.568
21,25,75,43.3
21,26,75,45.032
21,27,75,46.764
21,28,75,48.496
21,29,75,50.228
21,30,75,51.96
21,31,75,53.692
21,32,75,55.424
21,33,75,57.156
21,34,75,58.888
21,35,75,60.62
21,36,75,62.352
21,37,75,64.084
21,38,75,65.816
21,39,75,67.548
21,40,75,69.28
21,41,75,71.012
21,42,75,72.744
21,43,75,74.476
21,44,75,76.208
21,45,75,77.94
21,46,75,79.672
21,47,75,81.404
21,48,75,83.136
21,49,75,84.868
21,50,75,86.6
21,51,75,88.332
21,52,75,90.064
21,53,75,91.796
21,54,75,93.528
21,55,75,95.26
21,56,75,96.992
21,57,75,98.724
21,58,75,100.456
21,59,75,102.188
21,60,75,103.92
22,0,73.5,0.866
22,1,73.5,2.598
22,2,73.5,4.33
22,3,73.5,6.062
22,4,73.5,7.794
22,5,73.5,9.526
22,6,73.5,11.258
22,7,73.5,12.99
22,8,73.5,14.722
22,9,73.5,16.454
22,10,73.5,18.186
22,11,73.5,19.918
22,12,73.5,21.65
22,13,73.5,23.382
22,14,73.5,25.114
22,15,73.5,26.846
22,16,73.5,28.578
22,17,73.5,30.31
22,18,73.5,32.042
22,19,73.5,33.774
22,20,73.5,35.506
22,21,73.5,37.238
22,22,73.5,38.97
22,23,73.5,40.702
22,24,73.5,42.434
22,25,73.5,44.166
22,26,73.5,45.898
22,27,73.5,47.63
22,28,73.5,49.362
22,29,73.5,51.094
22,30,73.5,52.826
22,31,73.5,54.558
22,32,73.5,56.29
22,33,73.5,58.022
22,34,73.5,59.754
22,35,73.5,61.486
22,36,73.5,63.218
22,37,73.5,64.95
22,38,73.5,66.682
22,39,73.5,68.414
22,40,73.5,70.146
22,41,73.5,71.878
22,42,73.5,73.61
22,43,73.5,75.342
22,44,73.5,77.074
22,45,73.5,78.806
22,46,73.5,80.538
22,47,73.5,82.27
22,48,73.5,84.002
22,49,73.5,85.734
22,50,73.5,87.466
22,51,73.5,89.198
22,52,73.5,90.93
22,53,73.5,92.662
22,54,73.5,94.394
22,55,73.5,96.126
22,56,73.5,97.858
22,57,73.5,99.59
22,58,73.5,101.322
22,59,73.5,103.054
22,60,73.5,104.786
23,0,72,0
23,1,72,1.732
23,2,72,3.464
23,3,72,5.196
23,4,72,6.928
23,5,72,8.66
23,6,72,10.392
23,7,72,12.124
23,8,72,13.856
23,9,72,15.588
23,10,72,17.32
23,11,72,19.052
23,12,72,20.784
23,13,72,22.516
23,14,72,24.248
23,15,72,25.98
23,16,72,27.712
23,17,72,29.444
23,18,72,31.176
23,19,72,32.908
23,20,72,34.64
23,21,72,36.372
23,22,72,38.104
23,23,72,39.836
23,24,72,41.568
23,25,72,43.3
23,26,72,45.032
23,27,72,46.764
23,28,72,48.496
23,29,72,50.228
23,30,72,51.96
23,31,72,53.692
23,32,72,55.424
23,33,72,57.156
23,34,72,58.888
23,35,72,60.62
23,36,72,62.352
23,37,72,64.084
23,38,72,65.816
23,39,72,67.548
23,40,72,69.28
23,41,72,71.012
23,42,72,72.744
23,43,72,74.476
23,44,72,76.208
23,45,72,77.94
23,46,72,79.672
23,47,72,81.404
23,48,72,83.136
23,49,72,84.868
23,50,72,86.6
23,51,72,88.332
23,52,72,90.064
23,53,72,91.796
23,54,72,93.528
23,55,72,95.26
23,56,72,96.992
23,57,72,98.724
23,58,72,100.456
23,59,72,102.188
23,60,72,103.92
24,0,70.5,0.866
24,1,70.5,2.598
24,2,70.5,4.33
24,3,70.5,6.062
24,4,70.5,7.794
24,5,70.5,9.526
24,6,70.5,11.258
24,7,70.5,12.99
24,8,70.5,14.722
24,9,70.5,16.454
24,10,70.5,18.186
24,11,70.5,19.918
24,12,70.5,21.65
24,13,70.5,23.382
24,14,70.5,25.114
24,15,70.5,26.846
24,16,70.5,28.578
24,17,70.5,30.31
24,18,70.5,32.042
24,19,70.5,33.774
24,20,70.5,35.506
24,21,70.5,37.238
24,22,70.5,38.97
24,23,70.5,40.702
24,24,70.5,42.434
24,25,70.5,44.166
24,26,70.5,45.898
24,27,70.5,47.63
24,28,70.5,49.362
24,29,70.5,51.094
24,30,70.5,52.826
24,31,70.5,54.558
24,32,70.5,56.29
24,33,70.5,58.022
24,34,70.5,59.754
24,35,70.5,61.486
24,36,70.5,63.218
24,37,70.5,64.95
24,38,70.5,66.682
24,39,70.5,68.414
24,40,70.5,70.146
24,41,70.5,71.878
24,42,70.5,73.61
24,43,70.5,75.342
24,44,70.5,77.074
24,45,70.5,78.806
24,46,70.5,80.538
24,47,70.5,82.27
24,48,70.5,84.002
24,49,70.5,85.734
24,50,70.5,87.466
24,51,70.5,89.198
24,52,70.5,90.93
24,53,70.5,92.662
24,54,70.5,94.394
24,55,70.5,96.126
24,56,70.5,97.858
24,57,70.5,99.59
24,58,70.5,101.322
24,59,70.5,103.054
24,60,70.5,104.786
25,0,69,0
25,1,69,1.732
25,2,69,3.464
25,3,69,5.196
25,4,69,6.928
25,5,69,8.66
25,6,69,10.392
25,7,69,12.124
25,8,69,13.856
25,9,69,15.588
25,10,69,17.32
25,11,69,19.052
25,12,69,20.784
25,13,69,22.516
25,14,69,24.248
25,15,69,25.98
25,16,69,27.712
25,17,69,29.444
25,18,69,31.176
25,19,69,32.908
25,20,69,34.64
25,21,69,36.372
25,22,69,38.104
25,23,69,39.836
25,24,69,41.568
25,25,69,43.3
25,26,69,45.032
25,27,69,46.764
25,28,69,48.496
25,29,69,50.228
25,30,69,51.96
25,31,69,53.692
25,32,69,55.424
25,33,69,57.156
25,34,69,58.888
25,35,69,60.62
25,36,69,62.352
25,37,69,64.084
25,38,69,65.816
25,39,69,67.548
25,40,69,69.28
25,41,69,71.012
25,42,69,72.744
25,43,69,74.476
25,44,69,76.208
25,45,69,77.94
25,46,69,79.672
25,47,69,81.404
25,48,69,83.136
25,49,69,84.868
25,50,69,86.6
25,51,69,88.332
25,52,69,90.064
25,53,69,91.796
25,54,69,93.528
25,55,69,95.26
25,56,69,96.992
25,57,69,98.724
25,58,69,100.456
25,59,69,102.188
25,60,69,103.92
26,0,67.5,0.866
26,1,67.5,2.598
26,2,67.5,4.33
26,3,67.5,6.062
26,4,67.5,7.794
26,5,67.5,9.526
26,6,67.5,11.258
26,7,67.5,12.99
26,8,67.5,14.722
26,9,67.5,16.454
26,10,67.5,18.186
26,11,67.5,19.918
26,12,67.5,21.65
26,13,67.5,23.382
26,14,67.5,25.114
26,15,67.5,26.846
26,16,67.5,28.578
26,17,67.5,30.31
26,18,67.5,32.042
26,19,67.5,33.774
26,20,67.5,35.506
26,21,67.5,37.238
26,22,67.5,38.97
26,23,67.5,40.702
26,24,67.5,42.434
26,25,67.5,44.166
26,26,67.5,45.898
26,27,67.5,47.63
26,28,67.5,49.362
26,29,67.5,51.094
26,30,67.5,52.826
26,31,67.5,54.558
26,32,67.5,56.29
26,33,67.5,58.022
26,34,67.5,59.754
26,35,67.5,61.486
26,36,67.5,63.218
26,37,67.5,64.95
26,38,67.5,66.682
26,39,67.5,68.414
26,40,67.5,70.146
26,41,67.5,71.878
26,42,67.5,73.61
26,43,67.5,75.342
26,44,67.5,77.074
26,45,67.5,78.806
26,46,67.5,80.538
26,47,67.5,82.27
26,48,67.5,84.002
26,49,67.5,85.734
26,50,67.5,87.466
26,51,67.5,89.198
26,52,67.5,90.93
26,53,67.5,92.662
26,54,67.5,94.394
26,55,67.5,96.126
26,56,67.5,97.858
26,57,67.5,99.59
26,58,67.5,101.322
26,59,67.5,103.054
26,60,67.5,104.786
27,0,66,0
27,1,66,1.732
27,2,66,3.464
27,3,66,5.196
27,4,66,6.928
27,5,66,8.66
27,6,66,10.392
27,7,66,12.124
27,8,66,13.856
27,9,66,15.588
27,10,66,17.32
27,11,66,19.052
27,12,66,20.784
27,13,66,22.516
27,14,66,24.248
27,15,66,25.98
27,16,66,27.712
27,17,66,29.444
27,18,66,31.176
27,19,66,32.908
27,20,66,34.64
27,21,66,36.372
27,22,66,38.104
27,23,66,39.836
27,24,66,41.568
27,25,66,43.3
27,26,66,45.032
27,27,66,46.764
27,28,66,48.496
27,29,66,50.228
27,30,66,51.96
27,31,66,53.692
27,32,66,55.424
27,33,66,57.156
27,34,66,58.888
27,35,66,60.62
27,36,66,62.352
27,37,66,64.084
27,38,66,65.816
27,39,66,67.548
27,40,66,69.28
27,41,66,71.012
27,42,66,72.744
27,43,66,74.476
27,44,66,76.208
27,45,66,77.94
27,46,66,79.672
27,47,66,81.404
27,48,66,83.136
27,49,66,84.868
27,50,66,86.6
27,51,66,88.332
27,52,66,90.064
27,53,66,91.796
27,54,66,93.528
27,55,66,95.26
27,56,66,96.992
27,57,66,98.724
27,58,66,100.456
27,59,66,102.188
27,60,66,103.92
28,0,64.5,0.866
28,1,64.5,2.598
28,2,64.5,4.33
28,3,64.5,6.062
28,4,64.5,7.794
28,5,64.5,9.526
28,6,64.5,11.258
28,7,64.5,12.99
28,8,64.5,14.722
28,9,64.5,16.454
28,10,64.5,18.186
28,11,64.5,19.918
28,12,64.5,21.65
28,13,64.5,23.382
28,14,64.5,25.114
28,15,64.5,26.846
28,16,64.5,28.578
28,17,64.5,30.31
28,18,64.5,32.042
28,19,64.5,33.774
28,20,64.5,35.506
28,21,64.5,37.238
28,22,64.5,38.97
28,23,64.5,40.702
28,24,64.5,42.434
28,25,64.5,44.166
28,26,64.5,45.898
28,27,64.5,47.63
28,28,64.5,49.362
28,29,64.5,51.094
28,30,64.5,52.826
28,31,64.5,54.558
28,32,64.5,56.29
28,33,64.5,58.022
28,34,64.5,59.754
28,35,64.5,61.486
28,36,64.5,63.218
28,37,64.5,64.95
28,38,64.5,66.682
28,39,64.5,68.414
28,40,64.5,70.146
28,41,64.5,71.878
28,42,64.5,73.61
28,43,64.5,75.342
28,44,64.5,77.074
28,45,64.5,78.806
28,46,64.5,80.538
28,47,64.5,82.27
28,48,64.5,84.002
28,49,64.5,85.734
28,50,64.5,87.466
28,51,64.5,89.198
28,52,64.5,90.93
28,53,64.5,92.662
28,54,64.5,94.394
28,55,64.5,96.126
28,56,64.5,97.858
28,57,64.5,99.59
28,58,64.5,101.322
28,59,64.5,103.054
28,60,64.5,104.786
29,0,63,0
29,1,63,1.732
29,2,63,3.464
29,3,63,5.196
29,4,63,6.928
29,5,63,8.66
29,6,63,10.392
29,7,63,12.124
29,8,63,13.856
29,9,63,15.588
29,10,63,17.32
29,11,63,19.052
29,12,63,20.784
29,13,63,22.516
29,14,63,24.248
29,15,63,25.98
29,16,63,27.712
29,17,63,29.444
29,18,63,31.176
29,19,63,32.908
29,20,63,34.64
29,21,63,36.372
29,22,63,38.104
29,23,63,39.836
29,24,63,41.568
29,25,63,43.3
29,26,63,45.032
29,27,63,46.764
29,28,63,48.496
29,29,63,50.228
29,30,63,51.96
29,31,63,53.692
29,32,63,55.424
29,33,63,57.156
29,34,63,58.888
29,35,63,60.62
29,36,63,62.352
29,37,63,64.084
29,38,63,65.816
29,39,63,67.548
29,40,63,69.28
29,41,63,71.012
29,42,63,72.744
29,43,63,74.476
29,44,63,76.208
29,45,63,77.94
29,46,63,79.672
29,47,63,81.404
29,48,63,83.136
29,49,63,84.868
29,50,63,86.6
29,51,63,88.332
29,52,63,90.064
29,53,63,91.796
29,54,63,93.528
29,55,63,95.26
29,56,63,96.992
29,57,63,98.724
29,58,63,100.456
29,59,63,102.188
29,60,63,103.92
30,0,61.5,0.866
30,1,61.5,2.598
30,2,61.5,4.33
30,3,61.5,6.062
30,4,61.5,7.794
30,5,61.5,9.526
30,6,61.5,11.258
30,7,61.5,12.99
30,8,61.5,14.722
30,9,61.5,16.454
30,10,61.5,18.186
30,11,61.5,19.918
30,12,61.5,21.65
30,13,61.5,23.382
30,14,61.5,25.114
30,15,61.5,26.846
30,16,61.5,28.578
30,17,61.5,30.31
30,18,61.5,32.042
30,19,61.5,33.774
30,20,61.5,35.506
30,21,61.5,37.238
30,22,61.5,38.97
30,23,61.5,40.702
30,24,61.5,42.434
30,25,61.5,44.166
30,26,61.5,45.898
30,27,61.5,47.63
30,28,61.5,49.362
30,29,61.5,51.094
30,30,61.5,52.826
30,31,61.5,54.558
30,32,61.5,56.29
30,33,61.5,58.022
30,34,61.5,59.754
30,35,61.5,61.486
30,36,61.5,63.218
30,37,61.5,64.95
30,38,61.5,66.682
30,39,61.5,68.414
30,40,61.5,70.146
30,41,61.5,71.878
30,42,61.5,73.61
30,43,61.5,75.342
30,44,61.5,77.074
30,45,61.5,78.806
30,46,61.5,80.538
30,47,61.5,82.27
30,48,61.5,84.002
30,49,61.5,85.734
30,50,61.5,87.466
30,51,61.5,89.198
30,52,61.5,90.93
30,53,61.5,92.662
30,54,61.5,94.394
30,55,61.5,96.126
30,56,61.5,97.858
30,57,61.5,99.59
30,58,61.5,101.322
30,59,61.5,103.054
30,60,61.5,104.786
31,0,60,0
31,1,60,1.732
31,2,60,3.464
31,3,60,5.196
31,4,60,6.928
31,5,60,8.66
31,6,60,10.392
31,7,60,12.124
31,8,60,13.856
31,9,60,15.588
31,10,60,17.32
31,11,60,19.052
31,12,60,20.784
31,13,60,22.516
31,14,60,24.248
31,15,60,25.98
31,16,60,27.712
31,17,60,29.444
31,18,60,31.176
31,19,60,32.908
31,20,60,34.64
31,21,60,36.372
31,22,60,38.104
31,23,60,39.836
31,24,60,41.568
31,25,60,43.3
31,26,60,45.032
31,27,60,46.764
31,28,60,48.496
31,29,60,50.228
31,30,60,51.96
31,31,60,53.692
31,32,60,55.424
31,33,60,57.156
31,34,60,58.888
31,35,60,60.62
31,36,60,62.352
31,37,60,64.084
31,38,60,65.816
31,39,60,67.548
31,40,60,69.28
31,41,60,71.012
31,42,60,72.744
31,43,60,74.476
31,44,60,76.208
31,45,60,77.94
31,46,60,79.672
31,47,60,81.404
31,48,60,83.136
31,49,60,84.868
31,50,60,86.6
31,51,60,88.332
31,52,60,90.064
31,53,60,91.796
31,54,60,93.528
31,55,60,95.26
31,56,60,96.992
31,57,60,98.724
31,58,60,100.456
31,59,60,102.188
31,60,60,103.92
32,0,58.5,0.866
32,1,58.5,2.598
32,2,58.5,4.33
32,3,58.5,6.062
32,4,58.5,7.794
32,5,58.5,9.526
32,6,58.5,11.258
32,7,58.5,12.99
32,8,58.5,14.722
32,9,58.5,16.454
32,10,58.5,18.186
32,11,58.5,19.918
32,12,58.5,21.65
32,13,58.5,23.382
32,14,58.5,25.114
32,15,58.5,26.846
32,16,58.5,28.578
32,17,58.5,30.31
32,18,58.5,32.042
32,19,58.5,33.774
32,20,58.5,35.506
32,21,58.5,37.238
32,22,58.5,38.97
32,23,58.5,40.702
32,24,58.5,42.434
32,25,58.5,44.166
32,26,58.5,45.898
32,27,58.5,47.63
32,28,58.5,49.362
32,29,58.5,51.094
32,30,58.5,52.826
32,31,58.5,54.558
32,32,58.5,56.29
32,33,58.5,58.022
32,34,58.5,59.754
32,35,58.5,61.486
32,36,58.5,63.218
32,37,58.5,64.95
32,38,58.5,66.682
32,39,58.5,68.414
32,40,58.5,70.146
32,41,58.5,71.878
32,42,58.5,73.61
32,43,58.5,75.342
32,44,58.5,77.074
32,45,58.5,78.806
32,46,58.5,80.538
32,47,58.5,82.27
32,48,58.5,84.002
32,49,58.5,85.734
32,50,58.5,87.466
32,51,58.5,89.198
32,52,58.5,90.93
32,53,58.5,92.662
32,54,58.5,94.394
32,55,58.5,96.126
32,56,58.5,97.858
32,57,58.5,99.59
32,58,58.5,101.322
32,59,58.5,103.054
32,60,58.5,104.786
33,0,57,0
33,1,57,1.732
33,2,57,3.464
33,3,57,5.196
33,4,57,6.928
33,5,57,8.66
33,6,57,10.392
33,7,57,12.124
33,8,57,13.856
33,9,57,15.588
33,10,57,17.32
33,11,57,19.052
33,12,57,20.784
33,13,57,22.516
33,14,57,24.248
33,15,57,25.98
33,16,57,27.712
33,17,57,29.444
33,18,57,31.176
33,19,57,32.908
33,20,57,34.64
33,21,57,36.372
33,22,57,38.104
33,23,57,39.836
33,24,57,41.568
33,25,57,43.3
33,26,57,45.032
33,27,57,46.764
33,28,57,48.496
33,29,57,50.228
33,30,57,51.96
33,31,57,53.692
33,32,57,55.424
33,33,57,57.156
33,34,57,58.888
33,35,57,60.62
33,36,57,62.352
33,37,57,64.084
33,38,57,65.816
33,39,57,67.548
33,40,57,69.28
33,41,57,71.012
33,42,57,72.744
33,43,57,74.476
33,44,57,76.208
33,45,57,77.94
33,46,57,79.672
33,47,57,81.404
33,48,57,83.136
33,49,57,84.868
33,50,57,86.6
33,51,57,88.332
33,52,57,90.064
33,53,57,91.796
33,54,57,93.528
33,55,57,95.26
33,56,57,96.992
33,57,57,98.724
33,58,57,100.456
33,59,57,102.188
33,60,57,103.92
34,0,55.5,0.866
34,1,55.5,2.598
34,2,55.5,4.33
34,3,55.5,6.062
34,4,55.5,7.794
34,5,55.5,9.526
34,6,55.5,11.258
34,7,55.5,12.99
34,8,55.5,14.722
34,9,55.5,16.454
34,10,55.5,18.186
34,11,55.5,19.918
34,12,55.5,21.65
34,13,55.5,23.382
34,14,55.5,25.114
34,15,55.5,26.846
34,16,55.5,28.578
34,17,55.5,30.31
34,18,55.5,32.042
34,19,55.5,33.774
34,20,55.5,35.506
34,21,55.5,37.238
34,22,55.5,38.97
34,23,55.5,40.702
34,24,55.5,42.434
34,25,55.5,44.166
34,26,55.5,45.898
34,27,55.5,47.63
34,28,55.5,49.362
34,29,55.5,51.094
34,30,55.5,52.826
34,31,55.5,54.558
34,32,55.5,56.29
34,33,55.5,58.022
34,34,55.5,59.754
34,35,55.5,61.486
34,36,55.5,63.218
34,37,55.5,64.95
34,38,55.5,66.682
34,39,55.5,68.414
34,40,55.5,70.146
34,41,55.5,71.878
34,42,55.5,73.61
34,43,55.5,75.342
34,44,55.5,77.074
34,45,55.5,78.806
34,46,55.5,80.538
34,47,55.5,82.27
34,48,55.5,84.002
34,49,55.5,85.734
34,50,55.5,87.466
34,51,55.5,89.198
34,52,55.5,90.93
34,53,55.5,92.662
34,54,55.5,94.394
34,55,55.5,96.126
34,56,55.5,97.858
34,57,55.5,99.59
34,58,55.5,101.322
34,59,55.5,103.054
34,60,55.5,104.786
35,0,54,0
35,1,54,1.732
35,2,54,3.464
35,3,54,5.196
35,4,54,6.928
35,5,54,8.66
35,6,54,10.392
35,7,54,12.124
35,8,54,13.856
35,9,54,15.588
35,10,54,17.32
35,11,54,19.052
35,12,54,20.784
35,13,54,22.516
35,14,54,24.248
35,15,54,25.98
35,16,54,27.712
35,17,54,29.444
35,18,54,31.176
35,19,54,32.908
35,20,54,34.64
35,21,54,36.372
35,22,54,38.104
35,23,54,39.836
35,24,54,41.568
35,25,54,43.3
35,26,54,45.032
35,27,54,46.764
35,28,54,48.496
35,29,54,50.228
35,30,54,51.96
35,31,54,53.692
35,32,54,55.424
35,33,54,57.156
35,34,54,58.888
35,35,54,60.62
35,36,54,62.352
35,37,54,64.084
35,38,54,65.816
35,39,54,67.548
35,40,54,69.28
35,41,54,71.012
35,42,54,72.744
35,43,54,74.476
35,44,54,76.208
35,45,54,77.94
35,46,54,79.672
35,47,54,81.404
35,48,54,83.136
35,49,54,84.868
35,50,54,86.6
35,51,54,88.332
35,52,54,90.064
35,53,54,91.796
35,54,54,93.528
35,55,54,95.26
35,56,54,96.992
35,57,54,98.724
35,58,54,100.456
35,59,54,102.188
35,60,54,103.92
36,0,52.5,0.866
36,1,52.5,2.598
36,2,52.5,4.33
36,3,52.5,6.062
36,4,52.5,7.794
36,5,52.5,9.526
36,6,52.5,11.258
36,7,52.5,12.99
36,8,52.5,14.722
36,9,52.5,16.454
36,10,52.5,18.186
36,11,52.5,19.918
36,12,52.5,21.65
36,13,52.5,23.382
36,14,52.5,25.114
36,15,52.5,26.846
36,16,52.5,28.578
36,17,52.5,30.31
36,18,52.5,32.042
36,19,52.5,33.774
36,20,52.5,35.506
36,21,52.5,37.238
36,22,52.5,38.97
36,23,52.5,40.702
36,24,52.5,42.434
36,25,52.5,44.166
36,26,52.5,45.898
36,27,52.5,47.63
36,28,52.5,49.362
36,29,52.5,51.094
36,30,52.5,52.826
36,31,52.5,54.558
36,32,52.5,56.29
36,33,52.5,58.022
36,34,52.5,59.754
36,35,52.5,61.486
36,36,52.5,63.218
36,37,52.5,64.95
36,38,52.5,66.682
36,39,52.5,68.414
36,40,52.5,70.146
36,41,52.5,71.878
36,42,52.5,73.61
36,43,52.5,75.342
36,44,52.5,77.074
36,45,52.5,78.806
36,46,52.5,80.538
36,47,52.5,82.27
36,48,52.5,84.002
36,49,52.5,85.734
36,50,52.5,87.466
36,51,52.5,89.198
36,52,52.5,90.93
36,53,52.5,92.662
36,54,52.5,94.394
36,55,52.5,96.126
36,56,52.5,97.858
36,57,52.5,99.59
36,58,52.5,101.322
36,59,52.5,103.054
36,60,52.5,104.786
37,0,51,0
37,1,51,1.732
37,2,51,3.464
37,3,51,5.196
37,4,51,6.928
37,5,51,8.66
37,6,51,10.392
37,7,51,12.124
37,8,51,13.856
37,9,51,15.588
37,10,51,17.32
37,11,51,19.052
37,12,51,20.784
37,13,51,22.516
37,14,51,24.248
37,15,51,25.98
37,16,51,27.712
37,17,51,29.444
37,18,51,31.176
37,19,51,32.908
37,20,51,34.64
37,21,51,36.372
37,22,51,38.104
37,23,51,39.836
37,24,51,41.568
37,25,51,43.3
37,26,51,45.032
37,27,51,46.764
37,28,51,48.496
37,29,51,50.228
37,30,51,51.96
37,31,51,53.692
37,32,51,55.424
37,33,51,57.156
37,34,51,58.888
37,35,51,60.62
37,36,51,62.352
37,37,51,64.084
37,38,51,65.816
37,39,51,67.548
37,40,51,69.28
37,41,51,71.012
37,42,51,72.744
37,43,51,74.476
37,44,51,76.208
37,45,51,77.94
37,46,51,79.672
37,47,51,81.404
37,48,51,83.136
37,49,51,84.868
37,50,51,86.6
37,51,51,88.332
37,52,51,90.064
37,53,51,91.796
37,54,51,93.528
37,55,51,95.26
37,56,51,96.992
37,57,51,98.724
37,58,51,100.456
37,59,51,102.188
37,60,51,103.92
38,0,49.5,0.866
38,1,49.5,2.598
38,2,49.5,4.33
38,3,49.5,6.062
38,4,49.5,7.794
38,5,49.5,9.526
38,6,49.5,11.258
38,7,49.5,12.99
38,8,49.5,14.722
38,9,49.5,16.454
38,10,49.5,18.186
38,11,49.5,19.918
38,12,49.5,21.65
38,13,49.5,23.382
38,14,49.5,25.114
38,15,49.5,26.846
38,16,49.5,28.578
38,17,49.5,30.31
38,18,49.5,32.042
38,19,49.5,33.774
38,20,49.5,35.506
38,21,49.5,37.238
38,22,49.5,38.97
38,23,49.5,40.702
38,24,49.5,42.434
38,25,49.5,44.166
38,26,49.5,45.898
38,27,49.5,47.63
38,28,49.5,49.362
38,29,49.5,51.094
38,30,49.5,52.826
38,31,49.5,54.558
38,32,49.5,56.29
38,33,49.5,58.022
38,34,49.5,59.754
38,35,49.5,61.486
38,36,49.5,63.218
38,37,49.5,64.95
38,38,49.5,66.682
38,39,49.5,68.414
38,40,49.5,70.146
38,41,49.5,71.878
38,42,49.5,73.61
38,43,49.5,75.342
38,44,49.5,77.074
38,45,49.5,78.806
38,46,49.5,80.538
38,47,49.5,82.27
38,48,49.5,84.002
38,49,49.5,85.734
38,50,49.5,87.466
38,51,49.5,89.198
38,52,49.5,90.93
38,53,49.5,92.662
38,54,49.5,94.394
38,55,49.5,96.126
38,56,49.5,97.858
38,57,49.5,99.59
38,58,49.5,101.322
38,59,49.5,103.054
38,60,49.5,104.786
39,0,48,0
39,1,48,1.732
39,2,48,3.464
39,3,48,5.196
39,4,48,6.928
39,5,48,8.66
39,6,48,10.392
39,7,48,12.124
39,8,48,13.856
39,9,48,15.588
39,10,48,17.32
39,11,48,19.052
39,12,48,20.784
39,13,48,22.516
39,14,48,24.248
39,15,48,25.98
39,16,48,27.712
39,17,48,29.444
39,18,48,31.176
39,19,48,32.908
39,20,48,34.64
39,21,48,36.372
39,22,48,38.104
39,23,48,39.836
39,24,48,41.568
39,25,48,43.3
39,26,48,45.032
39,27,48,46.764
39,28,48,48.496
39,29,48,50.228
39,30,48,51.96
39,31,48,53.692
39,32,48,55.424
39,33,48,57.156
39,34,48,58.888
39,35,48,60.62
39,36,48,62.352
39,37,48,64.084
39,38,48,65.816
39,39,48,67.548
39,40,48,69.28
39,41,48,71.012
39,42,48,72.744
39,43,48,74.476
39,44,48,76.208
39,45,48,77.94
39,46,48,79.672
39,47,48,81.404
39,48,48,83.136
39,49,48,84.868
39,50,48,86.6
39,51,48,88.332
39,52,48,90.064
39,53,48,91.796
39,54,48,93.528
39,55,48,95.26
39,56,48,96.992
39,57,48,98.724
39,58,48,100.456
39,59,48,102.188
39,60,48,103.92
40,0,46.5,0.866
40,1,46.5,2.598
40,2,46.5,4.33
40,3,46.5,6.062
40,4,46.5,7.794
40,5,46.5,9.526
40,6,46.5,11.258
40,7,46.5,12.99
40,8,46.5,14.722
40,9,46.5,16.454
40,10,46.5,18.186
40,11,46.5,19.918
40,12,46.5,21.65
40,13,46.5,23.382
40,14,46.5,25.114
40,15,46.5,26.846
40,16,46.5,28.578
40,17,46.5,30.31
40,18,46.5,32.042
40,19,46.5,33.774
40,20,46.5,35.506
40,21,46.5,37.238
40,22,46.5,38.97
40,23,46.5,40.702
40,24,46.5,42.434
40,25,46.5,44.166
40,26,46.5,45.898
40,27,46.5,47.63
40,28,46.5,49.362
40,29,46.5,51.094
40,30,46.5,52.826
40,31,46.5,54.558
40,32,46.5,56.29
40,33,46.5,58.022
40,34,46.5,59.754
40,35,46.5,61.486
40,36,46.5,63.218
40,37,46.5,64.95
40,38,46.5,66.682
40,39,46.5,68.414
40,40,46.5,70.146
40,41,46.5,71.878
40,42,46.5,73.61
40,43,46.5,75.342
40,44,46.5,77.074
40,45,46.5,78.806
40,46,46.5,80.538
40,47,46.5,82.27
40,48,46.5,84.002
40,49,46.5,85.734
40,50,46.5,87.466
40,51,46.5,89.198
40,52,46.5,90.93
40,53,46.5,92.662
40,54,46.5,94.394
40,55,46.5,96.126
40,56,46.5,97.858
40,57,46.5,99.59
40,58,46.5,101.322
40,59,46.5,103.054
40,60,46.5,104.786
41,0,45,0
41,1,45,1.732
41,2,45,3.464
41,3,45,5.196
41,4,45,6.928
41,5,45,8.66
41,6,45,10.392
41,7,45,12.124
41,8,45,13.856
41,9,45,15.588
41,10,45,17.32
41,11,45,19.052
41,12,45,20.784
41,13,45,22.516
41,14,45,24.248
41,15,45,25.98
41,16,45,27.712
41,17,45,29.444
41,18,45,31.176
41,19,45,32.908
41,20,45,34.64
41,21,45,36.372
41,22,45,38.104
41,23,45,39.836
41,24,45,41.568
41,25,45,43.3
41,26,45,45.032
41,27,45,46.764
41,28,45,48.496
41,29,45,50.228
41,30,45,51.96
41,31,45,53.692
41,32,45,55.424
41,33,45,57.156
41,34,45,58.888
41,35,45,60.62
41,36,45,62.352
41,37,45,64.084
41,38,45,65.816
41,39,45,67.548
41,40,45,69.28
41,41,45,71.012
41,42,45,72.744
41,43,45,74.476
41,44,45,76.208
41,45,45,77.94
41,46,45,79.672
41,47,45,81.404
41,48,45,83.136
41,49,45,84.868
41,50,45,86.6
41,51,45,88.332
41,52,45,90.064
41,53,45,91.796
41,54,45,93.528
41,55,45,95.26
41,56,45,96.992
41,57,45,98.724
41,58,45,100.456
41,59,45,102.188
41,60,45,103.92
42,0,43.5,0.866
42,1,43.5,2.598
42,2,43.5,4.33
42,3,43.5,6.062
42,4,43.5,7.794
42,5,43.5,9.526
42,6,43.5,11.258
42,7,43.5,12.99
42,8,43.5,14.722
42,9,43.5,16.454
42,10,43.5,18.186
42,11,43.5,19.918
42,12,43.5,21.65
42,13,43.5,23.382
42,14,43.5,25.114
42,15,43.5,26.846
42,16,43.5,28.578
42,17,43.5,30.31
42,18,43.5,32.042
42,19,43.5,33.774
42,20,43.5,35.506
42,21,43.5,37.238
42,22,43.5,38.97
42,23,43.5,40.702
42,24,43.5,42.434
42,25,43.5,44.166
42,26,43.5,45.898
42,27,43.5,47.63
42,28,43.5,49.362
42,29,43.5,51.094
42,30,43.5,52.826
42,31,43.5,54.558
42,32,43.5,56.29
42,33,43.5,58.022
42,34,43.5,59.754
42,35,43.5,61.486
42,36,43.5,63.218
42,37,43.5,64.95
42,38,43.5,66.682
42,39,43.5,68.414
42,40,43.5,70.146
42,41,43.5,71.878
42,42,43.5,73.61
42,43,43.5,75.342
42,44,43.5,77.074
42,45,43.5,78.806
42,46,43.5,80.538
42,47,43.5,82.27
42,48,43.5,84.002
42,49,43.5,85.734
42,50,43.5,87.466
42,51,43.5,89.198
42,52,43.5,90.93
42,53,43.5,92.662
42,54,43.5,94.394
42,55,43.5,96.126
42,56,43.5,97.858
42,57,43.5,99.59
42,58,43.5,101.322
42,59,43.5,103.054
42,60,43.5,104.786
43,0,42,0
43,1,42,1.732
43,2,42,3.464
43,3,42,5.196
43,4,42,6.928
43,5,42,8.66
43,6,42,10.392
43,7,42,12.124
43,8,42,13.856
43,9,42,15.588
43,10,42,17.32
43,11,42,19.052
43,12,42,20.784
43,13,42,22.516
43,14,42,24.248
43,15,42,25.98
43,16,42,27.712
43,17,42,29.444
43,18,42,31.176
43,19,42,32.908
43,20,42,34.64
43,21,42,36.372
43,22,42,38.104
43,23,42,39.836
43,24,42,41.568
43,25,42,43.3
43,26,42,45.032
43,27,42,46.764
43,28,42,48.496
43,29,42,50.228
43,30,42,51.96
43,31,42,53.692
43,32,42,55.424
43,33,42,57.156
43,34,42,58.888
43,35,42,60.62
43,36,42,62.352
43,37,42,64.084
43,38,42,65.816
43,39,42,67.548
43,40,42,69.28
43,41,42,71.012
43,42,42,72.744
43,43,42,74.476
43,44,42,76.208
43,45,42,77.94
43,46,42,79.672
43,47,42,81.404
43,48,42,83.136
43,49,42,84.868
43,50,42,86.6
43,51,42,88.332
43,52,42,90.064
43,53,42,91.796
43,54,42,93.528
43,55,42,95.26
43,56,42,96.992
43,57,42,98.724
43,58,42,100.456
43,59,42,102.188
43,60,42,103.92
44,0,40.5,0.866
44,1,40.5,2.598
44,2,40.5,4.33
44,3,40.5,6.062
44,4,40.5,7.794
44,5,40.5,9.526
44,6,40.5,11.258
44,7,40.5,12.99
44,8,40.5,14.722
44,9,40.5,16.454
44,10,40.5,18.186
44,11,40.5,19.918
44,12,40.5,21.65
44,13,40.5,23.382
44,14,40.5,25.114
44,15,40.5,26.846
44,16,40.5,28.578
44,17,40.5,30.31
44,18,40.5,32.042
44,19,40.5,33.774
44,20,40.5,35.506
44,21,40.5,37.238
44,22,40.5,38.97
44,23,40.5,40.702
44,24,40.5,42.434
44,25,40.5,44.166
44,26,40.5,45.898
44,27,40.5,47.63
44,28,40.5,49.362
44,29,40.5,51.094
44,30,40.5,52.826
44,31,40.5,54.558
44,32,40.5,56.29
44,33,40.5,58.022
44,34,40.5,59.754
44,35,40.5,61.486
44,36,40.5,63.218
44,37,40.5,64.95
44,38,40.5,66.682
44,39,40.5,68.414
44,40,40.5,70.146
44,41,40.5,71.878
44,42,40.5,73.61
44,43,40.5,75.342
44,44,40.5,77.074
44,45,40.5,78.806
44,46,40.5,80.538
44,47,40.5,82.27
44,48,40.5,84.002
44,49,40.5,85.734
44,50,40.5,87.466
44,51,40.5,89.198
44,52,40.5,90.93
44,53,40.5,92.662
44,54,40.5,94.394
44,55,40.5,96.126
44,56,40.5,97.858
44,57,40.5,99.59
44,58,40.5,101.322
44,59,40.5,103.054
44,60,40.5,104.786
45,0,39,0
45,1,39,1.732
45,2,39,3.464
45,3,39,5.196
45,4,39,6.928
45,5,39,8.66
45,6,39,10.392
45,7,39,12.124
45,8,39,13.856
45,9,39,15.588
45,10,39,17.32
45,11,39,19.052
45,12,39,20.784
45,13,39,22.516
45,14,39,24.248
45,15,39,25.98
45,16,39,27.712
45,17,39,29.444
45,18,39,31.176
45,19,39,32.908
45,20,39,34.64
45,21,39,36.372
45,22,39,38.104
45,23,39,39.836
45,24,39,41.568
45,25,39,43.3
45,26,39,45.032
45,27,39,46.764
45,28,39,48.496
45,29,39,50.228
45,30,39,51.96
45,31,39,53.692
45,32,39,55.424
45,33,39,57.156
45,34,39,58.888
45,35,39,60.62
45,36,39,62.352
45,37,39,64.084
45,38,39,65.816
45,39,39,67.548
45,40,39,69.28
45,41,39,71.012
45,42,39,72.744
45,43,39,74.476
45,44,39,76.208
45,45,39,77.94
45,46,39,79.672
45,47,39,81.404
45,48,39,83.136
45,49,39,84.868
45,50,39,86.6
45,51,39,88.332
45,52,39,90.064
45,53,39,91.796
45,54,39,93.528
45,55,39,95.26
45,56,39,96.992
45,57,39,98.724
45,58,39,100.456
45,59,39,102.188
45,60,39,103.92
46,0,37.5,0.866
46,1,37.5,2.598
46,2,37.5,4.33
46,3,37.5,6.062
46,4,37.5,7.794
46,5,37.5,9.526
46,6,37.5,11.258
46,7,37.5,12.99
46,8,37.5,14.722
46,9,37.5,16.454
46,10,37.5,18.186
46,11,37.5,19.918
46,12,37.5,21.65
46,13,37.5,23.382
46,14,37.5,25.114
46,15,37.5,26.846
46,16,37.5,28.578
46,17,37.5,30.31
46,18,37.5,32.042
46,19,37.5,33.774
46,20,37.5,35.506
46,21,37.5,37.238
46,22,37.5,38.97
46,23,37.5,40.702
46,24,37.5,42.434
46,25,37.5,44.166
46,26,37.5,45.898
46,27,37.5,47.63
46,28,37.5,49.362
46,29,37.5,51.094
46,30,37.5,52.826
46,31,37.5,54.558
46,32,37.5,56.29
46,33,37.5,58.022
46,34,37.5,59.754
46,35,37.5,61.486
46,36,37.5,63.218
46,37,37.5,64.95
46,38,37.5,66.682
46,39,37.5,68.414
46,40,37.5,70.146
46,41,37.5,71.878
46,42,37.5,73.61
46,43,37.5,75.342
46,44,37.5,77.074
46,45,37.5,78.806
46,46,37.5,80.538
46,47,37.5,82.27
46,48,37.5,84.002
46,49,37.5,85.734
46,50,37.5,87.466
46,51,37.5,89.198
46,52,37.5,90.93
46,53,37.5,92.662
46,54,37.5,94.394
46,55,37.5,96.126
46,56,37.5,97.858
46,57,37.5,99.59
46,58,37.5,101.322
46,59,37.5,103.054
46,60,37.5,104.786
47,0,36,0
47,1,36,1.732
47,2,36,3.464
47,3,36,5.196
47,4,36,6.928
47,5,36,8.66
47,6,36,10.392
47,7,36,12.124
47,8,36,13.856
47,9,36,15.588
47,10,36,17.32
47,11,36,19.052
47,12,36,20.784
47,13,36,22.516
47,14,36,24.248
47,15,36,25.98
47,16,36,27.712
47,17,36,29.444
47,18,36,31.176
47,19,36,32.908
47,20,36,34.64
47,21,36,36.372
47,22,36,38.104
47,23,36,39.836
47,24,36,41.568
47,25,36,43.3
47,26,36,45.032
47,27,36,46.764
47,28,36,48.496
47,29,36,50.228
47,30,36,51.96
47,31,36,53.692
47,32,36,55.424
47,33,36,57.156
47,34,36,58.888
47,35,36,60.62
47,36,36,62.352
47,37,36,64.084
47,38,36,65.816
47,39,36,67.548
47,40,36,69.28
47,41,36,71.012
47,42,36,72.744
47,43,36,74.476
47,44,36,76.208
47,45,36,77.94
47,46,36,79.672
47,47,36,81.404
47,48,36,83.136
47,49,36,84.868
47,50,36,86.6
47,51,36,88.332
47,52,36,90.064
47,53,36,91.796
47,54,36,93.528
47,55,36,95.26
47,56,36,96.992
47,57,36,98.724
47,58,36,100.456
47,59,36,102.188
47,60,36,103.92
48,0,34.5,0.866
48,1,34.5,2.598
48,2,34.5,4.33
48,3,34.5,6.062
48,4,34.5,7.794
48,5,34.5,9.526
48,6,34.5,11.258
48,7,34.5,12.99
48,8,34.5,14.722
48,9,34.5,16.454
48,10,34.5,18.186
48,11,34.5,19.918
48,12,34.5,21.65
48,13,34.5,23.382
48,14,34.5,25.114
48,15,34.5,26.846
48,16,34.5,28.578
48,17,34.5,30.31
48,18,34.5,32.042
48,19,34.5,33.774
48,20,34.5,35.506
48,21,34.5,37.238
48,22,34.5,38.97
48,23,34.5,40.702
48,24,34.5,42.434
48,25,34.5,44.166
48,26,34.5,45.898
48,27,34.5,47.63
48,28,34.5,49.362
48,29,34.5,51.094
48,30,34.5,52.826
48,31,34.5,54.558
48,32,34.5,56.29
48,33,34.5,58.022
48,34,34.5,59.754
48,35,34.5,61.486
48,36,34.5,63.218
48,37,34.5,64.95
48,38,34.5,66.682
48,39,34.5,68.414
48,40,34.5,70.146
48,41,34.5,71.878
48,42,34.5,73.61
48,43,34.5,75.342
48,44,34.5,77.074
48,45,34.5,78.806
48,46,34.5,80.538
48,47,34.5,82.27
48,48,34.5,84.002
48,49,34.5,85.734
48,50,34.5,87.466
48,51,34.5,89.198
48,52,34.5,90.93
48,53,34.5,92.662
48,54,34.5,94.394
48,55,34.5,96.126
48,56,34.5,97.858
48,57,34.5,99.59
48,58,34.5,101.322
48,59,34.5,103.054
48,60,34.5,104.786
49,0,33,0
49,1,33,1.732
49,2,33,3.464
49,3,33,5.196
49,4,33,6.928
49,5,33,8.66
49,6,33,10.392
49,7,33,12.124
49,8,33,13.856
49,9,33,15.588
49,10,33,17.32
49,11,33,19.052
49,12,33,20.784
49,13,33,22.516
49,14,33,24.248
49,15,33,25.98
49,16,33,27.712
49,17,33,29.444
49,18,33,31.176
49,19,33,32.908
49,20,33,34.64
49,21,33,36.372
49,22,33,38.104
49,23,33,39.836
49,24,33,41.568
49,25,33,43.3
49,26,33,45.032
49,27,33,46.764
49,28,33,48.496
49,29,33,50.228
49,30,33,51.96
49,31,33,53.692
49,32,33,55.424
49,33,33,57.156
49,34,33,58.888
49,35,33,60.62
49,36,33,62.352
49,37,33,64.084
49,38,33,65.816
49,39,33,67.548
49,40,33,69.28
49,41,33,71.012
49,42,33,72.744
49,43,33,74.476
49,44,33,76.208
49,45,33,77.94
49,46,33,79.672
49,47,33,81.404
49,48,33,83.136
49,49,33,84.868
49,50,33,86.6
49,51,33,88.332
49,52,33,90.064
49,53,33,91.796
49,54,33,93.528
49,55,33,95.26
49,56,33,96.992
49,57,33,98.724
49,58,33,100.456
49,59,33,102.188
49,60,33,103.92
50,0,31.5,0.866
50,1,31.5,2.598
50,2,31.5,4.33
50,3,31.5,6.062
50,4,31.5,7.794
50,5,31.5,9.526
50,6,31.5,11.258
50,7,31.5,12.99
50,8,31.5,14.722
50,9,31.5,16.454
50,10,31.5,18.186
50,11,31.5,19.918
50,12,31.5,21.65
50,13,31.5,23.382
50,14,31.5,25.114
50,15,31.5,26.846
50,16,31.5,28.578
50,17,31.5,30.31
50,18,31.5,32.042
50,19,31.5,33.774
50,20,31.5,35.506
50,21,31.5,37.238
50,22,31.5,38.97
50,23,31.5,40.702
50,24,31.5,42.434
50,25,31.5,44.166
50,26,31.5,45.898
50,27,31.5,47.63
50,28,31.5,49.362
50,29,31.5,51.094
50,30,31.5,52.826
50,31,31.5,54.558
50,32,31.5,56.29
50,33,31.5,58.022
50,34,31.5,59.754
50,35,31.5,61.486
50,36,31.5,63.218
50,37,31.5,64.95
50,38,31.5,66.682
50,39,31.5,68.414
50,40,31.5,70.146
50,41,31.5,71.878
50,42,31.5,73.61
50,43,31.5,75.342
50,44,31.5,77.074
50,45,31.5,78.806
50,46,31.5,80.538
50,47,31.5,82.27
50,48,31.5,84.002
50,49,31.5,85.734
50,50,31.5,87.466
50,51,31.5,89.198
50,52,31.5,90.93
50,53,31.5,92.662
50,54,31.5,94.394
50,55,31.5,96.126
50,56,31.5,97.858
50,57,31.5,99.59
50,58,31.5,101.322
50,59,31.5,103.054
50,60,31.5,104.786
51,0,30,0
51,1,30,1.732
51,2,30,3.464
51,3,30,5.196
51,4,30,6.928
51,5,30,8.66
51,6,30,10.392
51,7,30,12.124
51,8,30,13.856
51,9,30,15.588
51,10,30,17.32
51,11,30,19.052
51,12,30,20.784
51,13,30,22.516
51,14,30,24.248
51,15,30,25.98
51,16,30,27.712
51,17,30,29.444
51,18,30,31.176
51,19,30,32.908
51,20,30,34.64
51,21,30,36.372
51,22,30,38.104
51,23,30,39.836
51,24,30,41.568
51,25,30,43.3
51,26,30,45.032
51,27,30,46.764
51,28,30,48.496
51,29,30,50.228
51,30,30,51.96
51,31,30,53.692
51,32,30,55.424
51,33,30,57.156
51,34,30,58.888
51,35,30,60.62
51,36,30,62.352
51,37,30,64.084
51,38,30,65.816
51,39,30,67.548
51,40,30,69.28
51,41,30,71.012
51,42,30,72.744
51,43,30,74.476
51,44,30,76.208
51,45,30,77.94
51,46,30,79.672
51,47,30,81.404
51,48,30,83.136
51,49,30,84.868
51,50,30,86.6
51,51,30,88.332
51,52,30,90.064
51,53,30,91.796
51,54,30,93.528
51,55,30,95.26
51,56,30,96.992
51,57,30,98.724
51,58,30,100.456
51,59,30,102.188
51,60,30,103.92
52,0,28.5,0.866
52,1,28.5,2.598
52,2,28.5,4.33
52,3,28.5,6.062
52,4,28.5,7.794
52,5,28.5,9.526
52,6,28.5,11.258
52,7,28.5,12.99
52,8,28.5,14.722
52,9,28.5,16.454
52,10,28.5,18.186
52,11,28.5,19.918
52,12,28.5,21.65
52,13,28.5,23.382
52,14,28.5,25.114
52,15,28.5,26.846
52,16,28.5,28.578
52,17,28.5,30.31
52,18,28.5,32.042
52,19,28.5,33.774
52,20,28.5,35.506
52,21,28.5,37.238
52,22,28.5,38.97
52,23,28.5,40.702
52,24,28.5,42.434
52,25,28.5,44.166
52,26,28.5,45.898
52,27,28.5,47.63
52,28,28.5,49.362
52,29,28.5,51.094
52,30,28.5,52.826
52,31,28.5,54.558
52,32,28.5,56.29
52,33,28.5,58.022
52,34,28.5,59.754
52,35,28.5,61.486
52,36,28.5,63.218
52,37,28.5,64.95
52,38,28.5,66.682
52,39,28.5,68.414
52,40,28.5,70.146
52,41,28.5,71.878
52,42,28.5,73.61
52,43,28.5,75.342
52,44,28.5,77.074
52,45,28.5,78.806
52,46,28.5,80.538
52,47,28.5,82.27
52,48,28.5,84.002
52,49,28.5,85.734
52,50,28.5,87.466
52,51,28.5,89.198
52,52,28.5,90.93
52,53,28.5,92.662
52,54,28.5,94.394
52,55,28.5,96.126
52,56,28.5,97.858
52,57,28.5,99.59
52,58,28.5,101.322
52,59,28.5,103.054
52,60,28.5,104.786
53,0,27,0
53,1,27,1.732
53,2,27,3.464
53,3,27,5.196
53,4,27,6.928
53,5,27,8.66
53,6,27,10.392
53,7,27,12.124
53,8,27,13.856
53,9,27,15.588
53,10,27,17.32
53,11,27,19.052
53,12,27,20.784
53,13,27,22.516
53,14,27,24.248
53,15,27,25.98
53,16,27,27.712
53,17,27,29.444
53,18,27,31.176
53,19,27,32.908
53,20,27,34.64
53,21,27,36.372
53,22,27,38.104
53,23,27,39.836
53,24,27,41.568
53,25,27,43.3
53,26,27,45.032
53,27,27,46.764
53,28,27,48.496
53,29,27,50.228
53,30,27,51.96
53,31,27,53.692
53,32,27,55.424
53,33,27,57.156
53,34,27,58.888
53,35,27,60.62
53,36,27,62.352
53,37,27,64.084
53,38,27,65.816
53,39,27,67.548
53,40,27,69.28
53,41,27,71.012
53,42,27,72.744
53,43,27,74.476
53,44,27,76.208
53,45,27,77.94
53,46,27,79.672
53,47,27,81.404
53,48,27,83.136
53,49,27,84.868
53,50,27,86.6
53,51,27,88.332
53,52,27,90.064
53,53,27,91.796
53,54,27,93.528
53,55,27,95.26
53,56,27,96.992
53,57,27,98.724
53,58,27,100.456
53,59,27,102.188
53,60,27,103.92
54,0,25.5,0.866
54,1,25.5,2.598
54,2,25.5,4.33
54,3,25.5,6.062
54,4,25.5,7.794
54,5,25.5,9.526
54,6,25.5,11.258
54,7,25.5,12.99
54,8,25.5,14.722
54,9,25.5,16.454
54,10,25.5,18.186
54,11,25.5,19.918
54,12,25.5,21.65
54,13,25.5,23.382
54,14,25.5,25.114
54,15,25.5,26.846
54,16,25.5,28.578
54,17,25.5,30.31
54,18,25.5,32.042
54,19,25.5,33.774
54,20,25.5,35.506
54,21,25.5,37.238
54,22,25.5,38.97
54,23,25.5,40.702
54,24,25.5,42.434
54,25,25.5,44.166
54,26,25.5,45.898
54,27,25.5,47.63
54,28,25.5,49.362
54,29,25.5,51.094
54,30,25.5,52.826
54,31,25.5,54.558
54,32,25.5,56.29
54,33,25.5,58.022
54,34,25.5,59.754
54,35,25.5,61.486
54,36,25.5,63.218
54,37,25.5,64.95
54,38,25.5,66.682
54,39,25.5,68.414
54,40,25.5,70.146
54,41,25.5,71.878
54,42,25.5,73.61
54,43,25.5,75.342
54,44,25.5,77.074
54,45,25.5,78.806
54,46,25.5,80.538
54,47,25.5,82.27
54,48,25.5,84.002
54,49,25.5,85.734
54,50,25.5,87.466
54,51,25.5,89.198
54,52,25.5,90.93
54,53,25.5,92.662
54,54,25.5,94.394
54,55,25.5,96.126
54,56,25.5,97.858
54,57,25.5,99.59
54,58,25.5,101.322
54,59,25.5,103.054
54,60,25.5,104.786
55,0,24,0
55,1,24,1.732
55,2,24,3.464
55,3,24,5.196
55,4,24,6.928
55,5,24,8.66
55,6,24,10.392
55,7,24,12.124
55,8,24,13.856
55,9,24,15.588
55,10,24,17.32
55,11,24,19.052
55,12,24,20.784
55,13,24,22.516
55,14,24,24.248
55,15,24,25.98
55,16,24,27.712
55,17,24,29.444
55,18,24,31.176
55,19,24,32.908
55,20,24,34.64
55,21,24,36.372
55,22,24,38.104
55,23,24,39.836
55,24,24,41.568
55,25,24,43.3
55,26,24,45.032
55,27,24,46.764
55,28,24,48.496
55,29,24,50.228
55,30,24,51.96
55,31,24,53.692
55,32,24,55.424
55,33,24,57.156
55,34,24,58.888
55,35,24,60.62
55,36,24,62.352
55,37,24,64.084
55,38,24,65.816
55,39,24,67.548
55,40,24,69.28
55,41,24,71.012
55,42,24,72.744
55,43,24,74.476
55,44,24,76.208
55,45,24,77.94
55,46,24,79.672
55,47,24,81.404
55,48,24,83.136
55,49,24,84.868
55,50,24,86.6
55,51,24,88.332
55,52,24,90.064
55,53,24,91.796
55,54,24,93.528
55,55,24,95.26
55,56,24,96.992
55,57,24,98.724
55,58,24,100.456
55,59,24,102.188
55,60,24,103.92
56,0,22.5,0.866
56,1,22.5,2.598
56,2,22.5,4.33
56,3,22.5,6.062
56,4,22.5,7.794
56,5,22.5,9.526
56,6,22.5,11.258
56,7,22.5,12.99
56,8,22.5,14.722
56,9,22.5,16.454
56,10,22.5,18.186
56,11,22.5,19.918
56,12,22.5,21.65
56,13,22.5,23.382
56,14,22.5,25.114
56,15,22.5,26.846
56,16,22.5,28.578
56,17,22.5,30.31
56,18,22.5,32.042
56,19,22.5,33.774
56,20,22.5,35.506
56,21,22.5,37.238
56,22,22.5,38.97
56,23,22.5,40.702
56,24,22.5,42.434
56,25,22.5,44.166
56,26,22.5,45.898
56,27,22.5,47.63
56,28,22.5,49.362
56,29,22.5,51.094
56,30,22.5,52.826
56,31,22.5,54.558
56,32,22.5,56.29
56,33,22.5,58.022
56,34,22.5,59.754
56,35,22.5,61.486
56,36,22.5,63.218
56,37,22.5,64.95
56,38,22.5,66.682
56,39,22.5,68.414
56,40,22.5,70.146
56,41,22.5,71.878
56,42,22.5,73.61
56,43,22.5,75.342
56,44,22.5,77.074
56,45,22.5,78.806
56,46,22.5,80.538
56,47,22.5,82.27
56,48,22.5,84.002
56,49,22.5,85.734
56,50,22.5,87.466
56,51,22.5,89.198
56,52,22.5,90.93
56,53,22.5,92.662
56,54,22.5,94.394
56,55,22.5,96.126
56,56,22.5,97.858
56,57,22.5,99.59
56,58,22.5,101.322
56,59,22.5,103.054
56,60,22.5,104.786
57,0,21,0
57,1,21,1.732
57,2,21,3.464
57,3,21,5.196
57,4,21,6.928
57,5,21,8.66
57,6,21,10.392
57,7,21,12.124
57,8,21,13.856
57,9,21,15.588
57,10,21,17.32
57,11,21,19.052
57,12,21,20.784
57,13,21,22.516
57,14,21,24.248
57,15,21,25.98
57,16,21,27.712
57,17,21,29.444
57,18,21,31.176
57,19,21,32.908
57,20,21,34.64
57,21,21,36.372
57,22,21,38.104
57,23,21,39.836
57,24,21,41.568
57,25,21,43.3
57,26,21,45.032
57,27,21,46.764
57,28,21,48.496
57,29,21,50.228
57,30,21,51.96
57,31,21,53.692
57,32,21,55.424
57,33,21,57.156
57,34,21,58.888
57,35,21,60.62
57,36,21,62.352
57,37,21,64.084
57,38,21,65.816
57,39,21,67.548
57,40,21,69.28
57,41,21,71.012
57,42,21,72.744
57,43,21,74.476
57,44,21,76.208
57,45,21,77.94
57,46,21,79.672
57,47,21,81.404
57,48,21,83.136
57,49,21,84.868
57,50,21,86.6
57,51,21,88.332
57,52,21,90.064
57,53,21,91.796
57,54,21,93.528
57,55,21,95.26
57,56,21,96.992
57,57,21,98.724
57,58,21,100.456
57,59,21,102.188
57,60,21,103.92
58,0,19.5,0.866
58,1,19.5,2.598
58,2,19.5,4.33
58,3,19.5,6.062
58,4,19.5,7.794
58,5,19.5,9.526
58,6,19.5,11.258
58,7,19.5,12.99
58,8,19.5,14.722
58,9,19.5,16.454
58,10,19.5,18.186
58,11,19.5,19.918
58,12,19.5,21.65
58,13,19.5,23.382
58,14,19.5,25.114
58,15,19.5,26.846
58,16,19.5,28.578
58,17,19.5,30.31
58,18,19.5,32.042
58,19,19.5,33.774
58,20,19.5,35.506
58,21,19.5,37.238
58,22,19.5,38.97
58,23,19.5,40.702
58,24,19.5,42.434
58,25,19.5,44.166
58,26,19.5,45.898
58,27,19.5,47.63
58,28,19.5,49.362
58,29,19.5,51.094
58,30,19.5,52.826
58,31,19.5,54.558
58,32,19.5,56.29
58,33,19.5,58.022
58,34,19.5,59.754
58,35,19.5,61.486
58,36,19.5,63.218
58,37,19.5,64.95
58,38,19.5,66.682
58,39,19.5,68.414
58,40,19.5,70.146
58,41,19.5,71.878
58,42,19.5,73.61
58,43,19.5,75.342
58,44,19.5,77.074
58,45,19.5,78.806
58,46,19.5,80.538
58,47,19.5,82.27
58,48,19.5,84.002
58,49,19.5,85.734
58,50,19.5,87.466
58,51,19.5,89.198
58,52,19.5,90.93
58,53,19.5,92.662
58,54,19.5,94.394
58,55,19.5,96.126
58,56,19.5,97.858
58,57,19.5,99.59
58,58,19.5,101.322
58,59,19.5,103.054
58,60,19.5,104.786
59,0,18,0
59,1,18,1.732
59,2,18,3.464
59,3,18,5.196
59,4,18,6.928
59,5,18,8.66
59,6,18,10.392
59,7,18,12.124
59,8,18,13.856
59,9,18,15.588
59,10,18,17.32
59,11,18,19.052
59,12,18,20.784
59,13,18,22.516
59,14,18,24.248
59,15,18,25.98
59,16,18,27.712
59,17,18,29.444
59,18,18,31.176
59,19,18,32.908
59,20,18,34.64
59,21,18,36.372
59,22,18,38.104
59,23,18,39.836
59,24,18,41.568
59,25,18,43.3
59,26,18,45.032
59,27,18,46.764
59,28,18,48.496
59,29,18,50.228
59,30,18,51.96
59,31,18,53.692
59,32,18,55.424
59,33,18,57.156
59,34,18,58.888
59,35,18,60.62
59,36,18,62.352
59,37,18,64.084
59,38,18,65.816
59,39,18,67.548
59,40,18,69.28
59,41,18,71.012
59,42,18,72.744
59,43,18,74.476
59,44,18,76.208
59,45,18,77.94
59,46,18,79.672
59,47,18,81.404
59,48,18,83.136
59,49,18,84.868
59,50,18,86.6
59,51,18,88.332
59,52,18,90.064
59,53,18,91.796
59,54,18,93.528
59,55,18,95.26
59,56,18,96.992
59,57,18,98.724
59,58,18,100.456
59,59,18,102.188
59,60,18,103.92
60,0,16.5,0.866
60,1,16.5,2.598
60,2,16.5,4.33
60,3,16.5,6.062
60,4,16.5,7.794
60,5,16.5,9.526
60,6,16.5,11.258
60,7,16.5,12.99
60,8,16.5,14.722
60,9,16.5,16.454
60,10,16.5,18.186
60,11,16.5,19.918
60,12,16.5,21.65
60,13,16.5,23.382
60,14,16.5,25.114
60,15,16.5,26.846
60,16,16.5,28.578
60,17,16.5,30.31
60,18,16.5,32.042
60,19,16.5,33.774
60,20,16.5,35.506
60,21,16.5,37.238
60,22,16.5,38.97
60,23,16.5,40.702
60,24,16.5,42.434
60,25,16.5,44.166
60,26,16.5,45.898
60,27,16.5,47.63
60,28,16.5,49.362
60,29,16.5,51.094
60,30,16.5,52.826
60,31,16.5,54.558
60,32,16.5,56.29
60,33,16.5,58.022
60,34,16.5,59.754
60,35,16.5,61.486
60,36,16.5,63.218
60,37,16.5,64.95
60,38,16.5,66.682
60,39,16.5,68.414
60,40,16.5,70.146
60,41,16.5,71.878
60,42,16.5,73.61
60,43,16.5,75.342
60,44,16.5,77.074
60,45,16.5,78.806
60,46,16.5,80.538
60,47,16.5,82.27
60,48,16.5,84.002
60,49,16.5,85.734
60,50,16.5,87.466
60,51,16.5,89.198
60,52,16.5,90.93
60,53,16.5,92.662
60,54,16.5,94.394
60,55,16.5,96.126
60,56,16.5,97.858
60,57,16.5,99.59
60,58,16.5,101.322
60,59,16.5,103.054
60,60,16.5,104.786
61,0,15,0
61,1,15,1.732
61,2,15,3.464
61,3,15,5.196
61,4,15,6.928
61,5,15,8.66
61,6,15,10.392
61,7,15,12.124
61,8,15,13.856
61,9,15,15.588
61,10,15,17.32
61,11,15,19.052
61,12,15,20.784
61,13,15,22.516
61,14,15,24.248
61,15,15,25.98
61,16,15,27.712
61,17,15,29.444
61,18,15,31.176
61,19,15,32.908
61,20,15,34.64
61,21,15,36.372
61,22,15,38.104
61,23,15,39.836
61,24,15,41.568
61,25,15,43.3
61,26,15,45.032
61,27,15,46.764
61,28,15,48.496
61,29,15,50.228
61,30,15,51.96
61,31,15,53.692
61,32,15,55.424
61,33,15,57.156
61,34,15,58.888
61,35,15,60.62
61,36,15,62.352
61,37,15,64.084
61,38,15,65.816
61,39,15,67.548
61,40,15,69.28
61,41,15,71.012
61,42,15,72.744
61,43,15,74.476
61,44,15,76.208
61,45,15,77.94
61,46,15,79.672
61,47,15,81.404
61,48,15,83.136
61,49,15,84.868
61,50,15,86.6
61,51,15,88.332
61,52,15,90.064
61,53,15,91.796
61,54,15,93.528
61,55,15,95.26
61,56,15,96.992
61,57,15,98.724
61,58,15,100.456
61,59,15,102.188
61,60,15,103.92
62,0,13.5,0.866
62,1,13.5,2.598
62,2,13.5,4.33
62,3,13.5,6.062
62,4,13.5,7.794
62,5,13.5,9.526
62,6,13.5,11.258
62,7,13.5,12.99
62,8,13.5,14.722
62,9,13.5,16.454
62,10,13.5,18.186
62,11,13.5,19.918
62,12,13.5,21.65
62,13,13.5,23.382
62,14,13.5,25.114
62,15,13.5,26.846
62,16,13.5,28.578
62,17,13.5,30.31
62,18,13.5,32.042
62,19,13.5,33.774
62,20,13.5,35.506
62,21,13.5,37.238
62,22,13.5,38.97
62,23,13.5,40.702
62,24,13.5,42.434
62,25,13.5,44.166
62,26,13.5,45.898
62,27,13.5,47.63
62,28,13.5,49.362
62,29,13.5,51.094
62,30,13.5,52.826
62,31,13.5,54.558
62,32,13.5,56.29
62,33,13.5,58.022
62,34,13.5,59.754
62,35,13.5,61.486
62,36,13.5,63.218
62,37,13.5,64.95
62,38,13.5,66.682
62,39,13.5,68.414
62,40,13.5,70.146
62,41,13.5,71.878
62,42,13.5,73.61
62,43,13.5,75.342
62,44,13.5,77.074
62,45,13.5,78.806
62,46,13.5,80.538
62,47,13.5,82.27
62,48,13.5,84.002
62,49,13.5,85.734
62,50,13.5,87.466
62,51,13.5,89.198
62,52,13.5,90.93
62,53,13.5,92.662
62,54,13.5,94.394
62,55,13.5,96.126
62,56,13.5,97.858
62,57,13.5,99.59
62,58,13.5,101.322
62,59,13.5,103.054
62,60,13.5,104.786
63,0,12,0
63,1,12,1.732
63,2,12,3.464
63,3,12,5.196
63,4,12,6.928
63,5,12,8.66
63,6,12,10.392
63,7,12,12.124
63,8,12,13.856
63,9,12,15.588
63,10,12,17.32
63,11,12,19.052
63,12,12,20.784
63,13,12,22.516
63,14,12,24.248
63,15,12,25.98
63,16,12,27.712
63,17,12,29.444
63,18,12,31.176
63,19,12,32.908
63,20,12,34.64
63,21,12,36.372
63,22,12,38.104
63,23,12,39.836
63,24,12,41.568
63,25,12,43.3
63,26,12,45.032
63,27,12,46.764
63,28,12,48.496
63,29,12,50.228
63,30,12,51.96
63,31,12,53.692
63,32,12,55.424
63,33,12,57.156
63,34,12,58.888
63,35,12,60.62
63,36,12,62.352
63,37,12,64.084
63,38,12,65.816
63,39,12,67.548
63,40,12,69.28
63,41,12,71.012
63,42,12,72.744
63,43,12,74.476
63,44,12,76.208
63,45,12,77.94
63,46,12,79.672
63,47,12,81.404
63,48,12,83.136
63,49,12,84.868
63,50,12,86.6
63,51,12,88.332
63,52,12,90.064
63,53,12,91.796
63,54,12,93.528
63,55,12,95.26
63,56,12,96.992
63,57,12,98.724
63,58,12,100.456
63,59,12,102.188
63,60,12,103.92
64,0,10.5,0.866
64,1,10.5,2.598
64,2,10.5,4.33
64,3,10.5,6.062
64,4,10.5,7.794
64,5,10.5,9.526
64,6,10.5,11.258
64,7,10.5,12.99
64,8,10.5,14.722
64,9,10.5,16.454
64,10,10.5,18.186
64,11,10.5,19.918
64,12,10.5,21.65
64,13,10.5,23.382
64,14,10.5,25.114
64,15,10.5,26.846
64,16,10.5,28.578
64,17,10.5,30.31
64,18,10.5,32.042
64,19,10.5,33.774
64,20,10.5,35.506
64,21,10.5,37.238
64,22,10.5,38.97
64,23,10.5,40.702
64,24,10.5,42.434
64,25,10.5,44.166
64,26,10.5,45.898
64,27,10.5,47.63
64,28,10.5,49.362
64,29,10.5,51.094
64,30,10.5,52.826
64,31,10.5,54.558
64,32,10.5,56.29
64,33,10.5,58.022
64,34,10.5,59.754
64,35,10.5,61.486
64,36,10.5,63.218
64,37,10.5,64.95
64,38,10.5,66.682
64,39,10.5,68.414
64,40,10.5,70.146
64,41,10.5,71.878
64,42,10.5,73.61
64,43,10.5,75.342
64,44,10.5,77.074
64,45,10.5,78.806
64,46,10.5,80.538
64,47,10.5,82.27
64,48,10.5,84.002
64,49,10.5,85.734
64,50,10.5,87.466
64,51,10.5,89.198
64,52,10.5,90.93
64,53,10.5,92.662
64,54,10.5,94.394
64,55,10.5,96.126
64,56,10.5,97.858
64,57,10.5,99.59
64,58,10.5,101.322
64,59,10.5,103.054
64,60,10.5,104.786
65,0,9,0
65,1,9,1.732
65,2,9,3.464
65,3,9,5.196
65,4,9,6.928
65,5,9,8.66
65,6,9,10.392
65,7,9,12.124
65,8,9,13.856
65,9,9,15.588
65,10,9,17.32
65,11,9,19.052
65,12,9,20.784
65,13,9,22.516
65,14,9,24.248
65,15,9,25.98
65,16,9,27.712
65,17,9,29.444
65,18,9,31.176
65,19,9,32.908
65,20,9,34.64
65,21,9,36.372
65,22,9,38.104
65,23,9,39.836
65,24,9,41.568
65,25,9,43.3
65,26,9,45.032
65,27,9,46.764
65,28,9,48.496
65,29,9,50.228
65,30,9,51.96
65,31,9,53.692
65,32,9,55.424
65,33,9,57.156
65,34,9,58.888
65,35,9,60.62
65,36,9,62.352
65,37,9,64.084
65,38,9,65.816
65,39,9,67.548
65,40,9,69.28
65,41,9,71.012
65,42,9,72.744
65,43,9,74.476
65,44,9,76.208
65,45,9,77.94
65,46,9,79.672
65,47,9,81.404
65,48,9,83.136
65,49,9,84.868
65,50,9,86.6
65,51,9,88.332
65,52,9,90.064
65,53,9,91.796
65,54,9,93.528
65,55,9,95.26
65,56,9,96.992
65,57,9,98.724
65,58,9,100.456
65,59,9,102.188
65,60,9,103.92
66,0,7.5,0.866
66,1,7.5,2.598
66,2,7.5,4.33
66,3,7.5,6.062
66,4,7.5,7.794
66,5,7.5,9.526
66,6,7.5,11.258
66,7,7.5,12.99
66,8,7.5,14.722
66,9,7.5,16.454
66,10,7.5,18.186
66,11,7.5,19.918
66,12,7.5,21.65
66,13,7.5,23.382
66,14,7.5,25.114
66,15,7.5,26.846
66,16,7.5,28.578
66,17,7.5,30.31
66,18,7.5,32.042
66,19,7.5,33.774
66,20,7.5,35.506
66,21,7.5,37.238
66,22,7.5,38.97
66,23,7.5,40.702
66,24,7.5,42.434
66,25,7.5,44.166
66,26,7.5,45.898
66,27,7.5,47.63
66,28,7.5,49.362
66,29,7.5,51.094
66,30,7.5,52.826
66,31,7.5,54.558
66,32,7.5,56.29
66,33,7.5,58.022
66,34,7.5,59.754
66,35,7.5,61.486
66,36,7.5,63.218
66,37,7.5,64.95
66,38,7.5,66.682
66,39,7.5,68.414
66,40,7.5,70.146
66,41,7.5,71.878
66,42,7.5,73.61
66,43,7.5,75.342
66,44,7.5,77.074
66,45,7.5,78.806
66,46,7.5,80.538
66,47,7.5,82.27
66,48,7.5,84.002
66,49,7.5,85.734
66,50,7.5,87.466
66,51,7.5,89.198
66,52,7.5,90.93
66,53,7.5,92.662
66,54,7.5,94.394
66,55,7.5,96.126
66,56,7.5,97.858
66,57,7.5,99.59
66,58,7.5,101.322
66,59,7.5,103.054
66,60,7.5,104.786
67,0,6,1.732
67,1,6,3.464
67,2,6,5.196
67,3,6,6.928
67,4,6,8.66
67,5,6,10.392
67,6,6,12.124
67,7,6,13.856
67,8,6,15.588
67,9,6,17.32
67,10,6,19.052
67,11,6,20.784
67,12,6,22.516
67,13,6,24.248
67,14,6,25.98
67,15,6,27.712
67,16,6,29.444
67,17,6,31.176
67,18,6,32.908
67,19,6,34.64
67,20,6,36.372
67,21,6,38.104
67,22,6,39.836
67,23,6,41.568
67,24,6,43.3
67,25,6,45.032
67,26,6,46.764
67,27,6,48.496
67,28,6,50.228
67,29,6,51.96
67,30,6,53.692
67,31,6,55.424
67,32,6,57.156
67,33,6,58.888
67,34,6,60.62
67,35,6,62.352
67,36,6,64.084
67,37,6,65.816
67,38,6,67.548
67,39,6,69.28
67,40,6,71.012
67,41,6,72.744
67,42,6,74.476
67,43,6,76.208
67,44,6,77.94
67,45,6,79.672
67,46,6,81.404
67,47,6,83.136
67,48,6,84.868
67,49,6,86.6
67,50,6,88.332
67,51,6,90.064
67,52,6,91.796
67,53,6,93.528
67,54,6,95.26
67,55,6,96.992
67,56,6,98.724
67,57,6,100.456
67,58,6,102.188
67,59,6,103.92
68,0,4.5,2.598
68,1,4.5,4.33
68,2,4.5,6.062
68,3,4.5,7.794
68,4,4.5,9.526
68,5,4.5,11.258
68,6,4.5,12.99
68,7,4.5,14.722
68,8,4.5,16.454
68,9,4.5,18.186
68,10,4.5,19.918
68,11,4.5,21.65
68,12,4.5,23.382
68,13,4.5,25.114
68,14,4.5,26.846
68,15,4.5,28.578
68,16,4.5,30.31
68,17,4.5,32.042
68,18,4.5,33.774
68,19,4.5,35.506
68,20,4.5,37.238
68,21,4.5,38.97
68,22,4.5,40.702
68,23,4.5,42.434
68,24,4.5,44.166
68,25,4.5,45.898
68,26,4.5,47.63
68,27,4.5,49.362
68,28,4.5,51.094
68,29,4.5,52.826
68,30,4.5,54.558
68,31,4.5,56.29
68,32,4.5,58.022
68,33,4.5,59.754
68,34,4.5,61.486
68,35,4.5,63.218
68,36,4.5,64.95
68,37,4.5,66.682
68,38,4.5,68.414
68,39,4.5,70.146
68,40,4.5,71.878
68,41,4.5,73.61
68,42,4.5,75.342
68,43,4.5,77.074
68,44,4.5,78.806
68,45,4.5,80.538
68,46,4.5,82.27
68,47,4.5,84.002
68,48,4.5,85.734
68,49,4.5,87.466
68,50,4.5,89.198
68,51,4.5,90.93
68,52,4.5,92.662
68,53,4.5,94.394
68,54,4.5,96.126
68,55,4.5,97.858
68,56,4.5,99.59
68,57,4.5,101.322
68,58,4.5,103.054
69,0,3,3.464
69,1,3,5.196
69,2,3,6.928
69,3,3,8.66
69,4,3,10.392
69,5,3,12.124
69,6,3,13.856
69,7,3,15.588
69,8,3,17.32
69,9,3,19.052
69,10,3,20.784
69,11,3,22.516
69,12,3,24.248
69,13,3,25.98
69,14,3,27.712
69,15,3,29.444
69,16,3,31.176
69,17,3,32.908
69,18,3,34.64
69,19,3,36.372
69,20,3,38.104
69,21,3,39.836
69,22,3,41.568
69,23,3,43.3
69,24,3,45.032
69,25,3,46.764
69,26,3,48.496
69,27,3,50.228
69,28,3,51.96
69,29,3,53.692
69,30,3,55.424
69,31,3,57.156
69,32,3,58.888
69,33,3,60.62
69,34,3,62.352
69,35,3,64.084
69,36,3,65.816
69,37,3,67.548
69,38,3,69.28
69,39,3,71.012
69,40,3,72.744
69,41,3,74.476
69,42,3,76.208
69,43,3,77.94
69,44,3,79.672
69,45,3,81.404
69,46,3,83.136
69,47,3,84.868
69,48,3,86.6
69,49,3,88.332
69,50,3,90.064
69,51,3,91.796
69,52,3,93.528
69,53,3,95.26
69,54,3,96.992
69,55,3,98.724
69,56,3,100.456
69,57,3,102.188
70,0,1.5,4.33
70,1,1.5,6.062
70,2,1.5,7.794
70,3,1.5,9.526
70,4,1.5,11.258
70,5,1.5,12.99
70,6,1.5,14.722
70,7,1.5,16.454
70,8,1.5,18.186
70,9,1.5,19.918
70,10,1.5,21.65
70,11,1.5,23.382
70,12,1.5,25.114
70,13,1.5,26.846
70,14,1.5,28.578
70,15,1.5,30.31
70,16,1.5,32.042
70,17,1.5,33.774
70,18,1.5,35.506
70,19,1.5,37.238
70,20,1.5,38.97
70,21,1.5,40.702
70,22,1.5,42.434
70,23,1.5,44.166
70,24,1.5,45.898
70,25,1.5,47.63
70,26,1.5,49.362
70,27,1.5,51.094
70,28,1.5,52.826
70,29,1.5,54.558
70,30,1.5,56.29
70,31,1.5,58.022
70,32,1.5,59.754
70,33,1.5,61.486
70,34,1.5,63.218
70,35,1.5,64.95
70,36,1.5,66.682
70,37,1.5,68.414
70,38,1.5,70.146
70,39,1.5,71.878
70,40,1.5,73.61
70,41,1.5,75.342
70,42,1.5,77.074
70,43,1.5,78.806
70,44,1.5,80.538
70,45,1.5,82.27
70,46,1.5,84.002
70,47,1.5,85.734
70,48,1.5,87.466
70,49,1.5,89.198
70,50,1.5,90.93
70,51,1.5,92.662
70,52,1.5,94.394
70,53,1.5,96.126
70,54,1.5,97.858
70,55,1.5,99.59
70,56,1.5,101.322
71,0,0,5.196
71,1,0,6.928
71,2,0,8.66
71,3,0,10.392
71,4,0,12.124
71,5,0,13.856
71,6,0,15.588
71,7,0,17.32
71,8,0,19.052
71,9,0,20.784
71,10,0,22.516
71,11,0,24.248
71,12,0,25.98
71,13,0,27.712
71,14,0,29.444
71,15,0,31.176
71,16,0,32.908
71,17,0,34.64
71,18,0,36.372
71,19,0,38.104
71,20,0,39.836
71,21,0,41.568
71,22,0,43.3
71,23,0,45.032
71,24,0,46.764
71,25,0,48.496
71,26,0,50.228
71,27,0,51.96
71,28,0,53.692
71,29,0,55.424
71,30,0,57.156
71,31,0,58.888
71,32,0,60.62
71,33,0,62.352
71,34,0,64.084
71,35,0,65.816
71,36,0,67.548
71,37,0,69.28
71,38,0,71.012
71,39,0,72.744
71,40,0,74.476
71,41,0,76.208
71,42,0,77.94
71,43,0,79.672
71,44,0,81.404
71,45,0,83.136
71,46,0,84.868
71,47,0,86.6
71,48,0,88.332
71,49,0,90.064
71,50,0,91.796
71,51,0,93.528
71,52,0,95.26
71,53,0,96.992
71,54,0,98.724
71,55,0,100.456
