0,5,0.75,100.03
0,4,2.25,100.89
0,3,3.75,101.76
0,2,5.25,102.62
0,1,6.75,103.49
0,0,8.25,104.36
1,7,0.75,98.29
1,6,2.25,99.16
1,5,3.75,100.03
1,4,5.25,100.89
1,3,6.75,101.76
1,2,8.25,102.62
1,1,9.75,103.49
1,0,11.25,104.36
2,9,0.75,96.56
2,8,2.25,97.43
2,7,3.75,98.29
2,6,5.25,99.16
2,5,6.75,100.03
2,4,8.25,100.89
2,3,9.75,101.76
2,2,11.25,102.62
2,1,12.75,103.49
2,0,14.25,104.36
3,11,0.75,94.83
3,10,2.25,95.70
3,9,3.75,96.56
3,8,5.25,97.43
3,7,6.75,98.29
3,6,8.25,99.16
3,5,9.75,100.03
3,4,11.25,100.89
3,3,12.75,101.76
3,2,14.25,102.62
3,1,15.75,103.49
3,0,17.25,104.36
4,13,0.75,93.10
4,12,2.25,93.96
4,11,3.75,94.83
4,10,5.25,95.70
4,9,6.75,96.56
4,8,8.25,97.43
4,7,9.75,98.29
4,6,11.25,99.16
4,5,12.75,100.03
4,4,14.25,100.89
4,3,15.75,101.76
4,2,17.25,102.62
4,1,18.75,103.49
4,0,20.25,104.36
5,15,0.75,91.37
5,14,2.25,92.23
5,13,3.75,93.10
5,12,5.25,93.96
5,11,6.75,94.83
5,10,8.25,95.70
5,9,9.75,96.56
5,8,11.25,97.43
5,7,12.75,98.29
5,6,14.25,99.16
5,5,15.75,100.03
5,4,17.25,100.89
5,3,18.75,101.76
5,2,20.25,102.62
5,1,21.75,103.49
5,0,23.25,104.36
6,17,0.75,89.63
6,16,2.25,90.50
6,15,3.75,91.37
6,14,5.25,92.23
6,13,6.75,93.10
6,12,8.25,93.96
6,11,9.75,94.83
6,10,11.25,95.70
6,9,12.75,96.56
6,8,14.25,97.43
6,7,15.75,98.29
6,6,17.25,99.16
6,5,18.75,100.03
6,4,20.25,100.89
6,3,21.75,101.76
6,2,23.25,102.62
6,1,24.75,103.49
6,0,26.25,104.36
7,19,0.75,87.90
7,18,2.25,88.77
7,17,3.75,89.63
7,16,5.25,90.50
7,15,6.75,91.37
7,14,8.25,92.23
7,13,9.75,93.10
7,12,11.25,93.96
7,11,12.75,94.83
7,10,14.25,95.70
7,9,15.75,96.56
7,8,17.25,97.43
7,7,18.75,98.29
7,6,20.25,99.16
7,5,21.75,100.03
7,4,23.25,100.89
7,3,24.75,101.76
7,2,26.25,102.62
7,1,27.75,103.49
7,0,29.25,104.36
8,21,0.75,86.17
8,20,2.25,87.04
8,19,3.75,87.90
8,18,5.25,88.77
8,17,6.75,89.63
8,16,8.25,90.50
8,15,9.75,91.37
8,14,11.25,92.23
8,13,12.75,93.10
8,12,14.25,93.96
8,11,15.75,94.83
8,10,17.25,95.70
8,9,18.75,96.56
8,8,20.25,97.43
8,7,21.75,98.29
8,6,23.25,99.16
8,5,24.75,100.03
8,4,26.25,100.89
8,3,27.75,101.76
8,2,29.25,102.62
8,1,30.75,103.49
8,0,32.25,104.36
9,23,0.75,84.44
9,22,2.25,85.30
9,21,3.75,86.17
9,20,5.25,87.04
9,19,6.75,87.90
9,18,8.25,88.77
9,17,9.75,89.63
9,16,11.25,90.50
9,15,12.75,91.37
9,14,14.25,92.23
9,13,15.75,93.10
9,12,17.25,93.96
9,11,18.75,94.83
9,10,20.25,95.70
9,9,21.75,96.56
9,8,23.25,97.43
9,7,24.75,98.29
9,6,26.25,99.16
9,5,27.75,100.03
9,4,29.25,100.89
9,3,30.75,101.76
9,2,32.25,102.62
9,1,33.75,103.49
9,0,35.25,104.36
10,25,0.75,82.71
10,24,2.25,83.57
10,23,3.75,84.44
10,22,5.25,85.30
10,21,6.75,86.17
10,20,8.25,87.04
10,19,9.75,87.90
10,18,11.25,88.77
10,17,12.75,89.63
10,16,14.25,90.50
10,15,15.75,91.37
10,14,17.25,92.23
10,13,18.75,93.10
10,12,20.25,93.96
10,11,21.75,94.83
10,10,23.25,95.70
10,9,24.75,96.56
10,8,26.25,97.43
10,7,27.75,98.29
10,6,29.25,99.16
10,5,30.75,100.03
10,4,32.25,100.89
10,3,33.75,101.76
10,2,35.25,102.62
10,1,36.75,103.49
10,0,38.25,104.36
11,27,0.75,80.97
11,26,2.25,81.84
11,25,3.75,82.71
11,24,5.25,83.57
11,23,6.75,84.44
11,22,8.25,85.30
11,21,9.75,86.17
11,20,11.25,87.04
11,19,12.75,87.90
11,18,14.25,88.77
11,17,15.75,89.63
11,16,17.25,90.50
11,15,18.75,91.37
11,14,20.25,92.23
11,13,21.75,93.10
11,12,23.25,93.96
11,11,24.75,94.83
11,10,26.25,95.70
11,9,27.75,96.56
11,8,29.25,97.43
11,7,30.75,98.29
11,6,32.25,99.16
11,5,33.75,100.03
11,4,35.25,100.89
11,3,36.75,101.76
11,2,38.25,102.62
11,1,39.75,103.49
11,0,41.25,104.36
12,29,0.75,79.24
12,28,2.25,80.11
12,27,3.75,80.97
12,26,5.25,81.84
12,25,6.75,82.71
12,24,8.25,83.57
12,23,9.75,84.44
12,22,11.25,85.30
12,21,12.75,86.17
12,20,14.25,87.04
12,19,15.75,87.90
12,18,17.25,88.77
12,17,18.75,89.63
12,16,20.25,90.50
12,15,21.75,91.37
12,14,23.25,92.23
12,13,24.75,93.10
12,12,26.25,93.96
12,11,27.75,94.83
12,10,29.25,95.70
12,9,30.75,96.56
12,8,32.25,97.43
12,7,33.75,98.29
12,6,35.25,99.16
12,5,36.75,100.03
12,4,38.25,100.89
12,3,39.75,101.76
12,2,41.25,102.62
12,1,42.75,103.49
12,0,44.25,104.36
13,31,0.75,77.51
13,30,2.25,78.38
13,29,3.75,79.24
13,28,5.25,80.11
13,27,6.75,80.97
13,26,8.25,81.84
13,25,9.75,82.71
13,24,11.25,83.57
13,23,12.75,84.44
13,22,14.25,85.30
13,21,15.75,86.17
13,20,17.25,87.04
13,19,18.75,87.90
13,18,20.25,88.77
13,17,21.75,89.63
13,16,23.25,90.50
13,15,24.75,91.37
13,14,26.25,92.23
13,13,27.75,93.10
13,12,29.25,93.96
13,11,30.75,94.83
13,10,32.25,95.70
13,9,33.75,96.56
13,8,35.25,97.43
13,7,36.75,98.29
13,6,38.25,99.16
13,5,39.75,100.03
13,4,41.25,100.89
13,3,42.75,101.76
13,2,44.25,102.62
13,1,45.75,103.49
13,0,47.25,104.36
14,33,0.75,75.78
14,32,2.25,76.64
14,31,3.75,77.51
14,30,5.25,78.38
14,29,6.75,79.24
14,28,8.25,80.11
14,27,9.75,80.97
14,26,11.25,81.84
14,25,12.75,82.71
14,24,14.25,83.57
14,23,15.75,84.44
14,22,17.25,85.30
14,21,18.75,86.17
14,20,20.25,87.04
14,19,21.75,87.90
14,18,23.25,88.77
14,17,24.75,89.63
14,16,26.25,90.50
14,15,27.75,91.37
14,14,29.25,92.23
14,13,30.75,93.10
14,12,32.25,93.96
14,11,33.75,94.83
14,10,35.25,95.70
14,9,36.75,96.56
14,8,38.25,97.43
14,7,39.75,98.29
14,6,41.25,99.16
14,5,42.75,100.03
14,4,44.25,100.89
14,3,45.75,101.76
14,2,47.25,102.62
14,1,48.75,103.49
14,0,50.25,104.36
15,35,0.75,74.05
15,34,2.25,74.91
15,33,3.75,75.78
15,32,5.25,76.64
15,31,6.75,77.51
15,30,8.25,78.38
15,29,9.75,79.24
15,28,11.25,80.11
15,27,12.75,80.97
15,26,14.25,81.84
15,25,15.75,82.71
15,24,17.25,83.57
15,23,18.75,84.44
15,22,20.25,85.30
15,21,21.75,86.17
15,20,23.25,87.04
15,19,24.75,87.90
15,18,26.25,88.77
15,17,27.75,89.63
15,16,29.25,90.50
15,15,30.75,91.37
15,14,32.25,92.23
15,13,33.75,93.10
15,12,35.25,93.96
15,11,36.75,94.83
15,10,38.25,95.70
15,9,39.75,96.56
15,8,41.25,97.43
15,7,42.75,98.29
15,6,44.25,99.16
15,5,45.75,100.03
15,4,47.25,100.89
15,3,48.75,101.76
15,2,50.25,102.62
15,1,51.75,103.49
15,0,53.25,104.36
16,37,0.75,72.31
16,36,2.25,73.18
16,35,3.75,74.05
16,34,5.25,74.91
16,33,6.75,75.78
16,32,8.25,76.64
16,31,9.75,77.51
16,30,11.25,78.38
16,29,12.75,79.24
16,28,14.25,80.11
16,27,15.75,80.97
16,26,17.25,81.84
16,25,18.75,82.71
16,24,20.25,83.57
16,23,21.75,84.44
16,22,23.25,85.30
16,21,24.75,86.17
16,20,26.25,87.04
16,19,27.75,87.90
16,18,29.25,88.77
16,17,30.75,89.63
16,16,32.25,90.50
16,15,33.75,91.37
16,14,35.25,92.23
16,13,36.75,93.10
16,12,38.25,93.96
16,11,39.75,94.83
16,10,41.25,95.70
16,9,42.75,96.56
16,8,44.25,97.43
16,7,45.75,98.29
16,6,47.25,99.16
16,5,48.75,100.03
16,4,50.25,100.89
16,3,51.75,101.76
16,2,53.25,102.62
16,1,54.75,103.49
16,0,56.25,104.36
17,39,0.75,70.58
17,38,2.25,71.45
17,37,3.75,72.31
17,36,5.25,73.18
17,35,6.75,74.05
17,34,8.25,74.91
17,33,9.75,75.78
17,32,11.25,76.64
17,31,12.75,77.51
17,30,14.25,78.38
17,29,15.75,79.24
17,28,17.25,80.11
17,27,18.75,80.97
17,26,20.25,81.84
17,25,21.75,82.71
17,24,23.25,83.57
17,23,24.75,84.44
17,22,26.25,85.30
17,21,27.75,86.17
17,20,29.25,87.04
17,19,30.75,87.90
17,18,32.25,88.77
17,17,33.75,89.63
17,16,35.25,90.50
17,15,36.75,91.37
17,14,38.25,92.23
17,13,39.75,93.10
17,12,41.25,93.96
17,11,42.75,94.83
17,10,44.25,95.70
17,9,45.75,96.56
17,8,47.25,97.43
17,7,48.75,98.29
17,6,50.25,99.16
17,5,51.75,100.03
17,4,53.25,100.89
17,3,54.75,101.76
17,2,56.25,102.62
17,1,57.75,103.49
17,0,59.25,104.36
18,41,0.75,68.85
18,40,2.25,69.72
18,39,3.75,70.58
18,38,5.25,71.45
18,37,6.75,72.31
18,36,8.25,73.18
18,35,9.75,74.05
18,34,11.25,74.91
18,33,12.75,75.78
18,32,14.25,76.64
18,31,15.75,77.51
18,30,17.25,78.38
18,29,18.75,79.24
18,28,20.25,80.11
18,27,21.75,80.97
18,26,23.25,81.84
18,25,24.75,82.71
18,24,26.25,83.57
18,23,27.75,84.44
18,22,29.25,85.30
18,21,30.75,86.17
18,20,32.25,87.04
18,19,33.75,87.90
18,18,35.25,88.77
18,17,36.75,89.63
18,16,38.25,90.50
18,15,39.75,91.37
18,14,41.25,92.23
18,13,42.75,93.10
18,12,44.25,93.96
18,11,45.75,94.83
18,10,47.25,95.70
18,9,48.75,96.56
18,8,50.25,97.43
18,7,51.75,98.29
18,6,53.25,99.16
18,5,54.75,100.03
18,4,56.25,100.89
18,3,57.75,101.76
18,2,59.25,102.63
18,1,60.75,103.49
18,0,62.25,104.36
19,43,0.75,67.12
19,42,2.25,67.98
19,41,3.75,68.85
19,40,5.25,69.72
19,39,6.75,70.58
19,38,8.25,71.45
19,37,9.75,72.31
19,36,11.25,73.18
19,35,12.75,74.05
19,34,14.25,74.91
19,33,15.75,75.78
19,32,17.25,76.64
19,31,18.75,77.51
19,30,20.25,78.38
19,29,21.75,79.24
19,28,23.25,80.11
19,27,24.75,80.97
19,26,26.25,81.84
19,25,27.75,82.71
19,24,29.25,83.57
19,23,30.75,84.44
19,22,32.25,85.30
19,21,33.75,86.17
19,20,35.25,87.04
19,19,36.75,87.90
19,18,38.25,88.77
19,17,39.75,89.63
19,16,41.25,90.50
19,15,42.75,91.37
19,14,44.25,92.23
19,13,45.75,93.10
19,12,47.25,93.96
19,11,48.75,94.83
19,10,50.25,95.70
19,9,51.75,96.56
19,8,53.25,97.43
19,7,54.75,98.29
19,6,56.25,99.16
19,5,57.75,100.03
19,4,59.25,100.89
19,3,60.75,101.76
19,2,62.25,102.63
19,1,63.75,103.49
19,0,65.25,104.36
20,45,0.75,65.39
20,44,2.25,66.25
20,43,3.75,67.12
20,42,5.25,67.98
20,41,6.75,68.85
20,40,8.25,69.72
20,39,9.75,70.58
20,38,11.25,71.45
20,37,12.75,72.31
20,36,14.25,73.18
20,35,15.75,74.05
20,34,17.25,74.91
20,33,18.75,75.78
20,32,20.25,76.64
20,31,21.75,77.51
20,30,23.25,78.38
20,29,24.75,79.24
20,28,26.25,80.11
20,27,27.75,80.97
20,26,29.25,81.84
20,25,30.75,82.71
20,24,32.25,83.57
20,23,33.75,84.44
20,22,35.25,85.30
20,21,36.75,86.17
20,20,38.25,87.04
20,19,39.75,87.90
20,18,41.25,88.77
20,17,42.75,89.63
20,16,44.25,90.50
20,15,45.75,91.37
20,14,47.25,92.23
20,13,48.75,93.10
20,12,50.25,93.96
20,11,51.75,94.83
20,10,53.25,95.70
20,9,54.75,96.56
20,8,56.25,97.43
20,7,57.75,98.29
20,6,59.25,99.16
20,5,60.75,100.03
20,4,62.25,100.89
20,3,63.75,101.76
20,2,65.25,102.63
20,1,66.75,103.49
20,0,68.25,104.36
21,47,0.75,63.65
21,46,2.25,64.52
21,45,3.75,65.39
21,44,5.25,66.25
21,43,6.75,67.12
21,42,8.25,67.98
21,41,9.75,68.85
21,40,11.25,69.72
21,39,12.75,70.58
21,38,14.25,71.45
21,37,15.75,72.31
21,36,17.25,73.18
21,35,18.75,74.05
21,34,20.25,74.91
21,33,21.75,75.78
21,32,23.25,76.64
21,31,24.75,77.51
21,30,26.25,78.38
21,29,27.75,79.24
21,28,29.25,80.11
21,27,30.75,80.97
21,26,32.25,81.84
21,25,33.75,82.71
21,24,35.25,83.57
21,23,36.75,84.44
21,22,38.25,85.30
21,21,39.75,86.17
21,20,41.25,87.04
21,19,42.75,87.90
21,18,44.25,88.77
21,17,45.75,89.63
21,16,47.25,90.50
21,15,48.75,91.37
21,14,50.25,92.23
21,13,51.75,93.10
21,12,53.25,93.96
21,11,54.75,94.83
21,10,56.25,95.70
21,9,57.75,96.56
21,8,59.25,97.43
21,7,60.75,98.30
21,6,62.25,99.16
21,5,63.75,100.03
21,4,65.25,100.89
21,3,66.75,101.76
21,2,68.25,102.63
21,1,69.75,103.49
21,0,71.25,104.36
22,49,0.75,61.92
22,48,2.25,62.79
22,47,3.75,63.65
22,46,5.25,64.52
22,45,6.75,65.39
22,44,8.25,66.25
22,43,9.75,67.12
22,42,11.25,67.98
22,41,12.75,68.85
22,40,14.25,69.72
22,39,15.75,70.58
22,38,17.25,71.45
22,37,18.75,72.31
22,36,20.25,73.18
22,35,21.75,74.05
22,34,23.25,74.91
22,33,24.75,75.78
22,32,26.25,76.64
22,31,27.75,77.51
22,30,29.25,78.38
22,29,30.75,79.24
22,28,32.25,80.11
22,27,33.75,80.97
22,26,35.25,81.84
22,25,36.75,82.71
22,24,38.25,83.57
22,23,39.75,84.44
22,22,41.25,85.30
22,21,42.75,86.17
22,20,44.25,87.04
22,19,45.75,87.90
22,18,47.25,88.77
22,17,48.75,89.63
22,16,50.25,90.50
22,15,51.75,91.37
22,14,53.25,92.23
22,13,54.75,93.10
22,12,56.25,93.96
22,11,57.75,94.83
22,10,59.25,95.70
22,9,60.75,96.56
22,8,62.25,97.43
22,7,63.75,98.30
22,6,65.25,99.16
22,5,66.75,100.03
22,4,68.25,100.89
22,3,69.75,101.76
22,2,71.25,102.63
22,1,72.75,103.49
22,0,74.25,104.36
23,51,0.75,60.19
23,50,2.25,61.06
23,49,3.75,61.92
23,48,5.25,62.79
23,47,6.75,63.65
23,46,8.25,64.52
23,45,9.75,65.39
23,44,11.25,66.25
23,43,12.75,67.12
23,42,14.25,67.98
23,41,15.75,68.85
23,40,17.25,69.72
23,39,18.75,70.58
23,38,20.25,71.45
23,37,21.75,72.31
23,36,23.25,73.18
23,35,24.75,74.05
23,34,26.25,74.91
23,33,27.75,75.78
23,32,29.25,76.64
23,31,30.75,77.51
23,30,32.25,78.38
23,29,33.75,79.24
23,28,35.25,80.11
23,27,36.75,80.97
23,26,38.25,81.84
23,25,39.75,82.71
23,24,41.25,83.57
23,23,42.75,84.44
23,22,44.25,85.30
23,21,45.75,86.17
23,20,47.25,87.04
23,19,48.75,87.90
23,18,50.25,88.77
23,17,51.75,89.63
23,16,53.25,90.50
23,15,54.75,91.37
23,14,56.25,92.23
23,13,57.75,93.10
23,12,59.25,93.97
23,11,60.75,94.83
23,10,62.25,95.70
23,9,63.75,96.56
23,8,65.25,97.43
23,7,66.75,98.30
23,6,68.25,99.16
23,5,69.75,100.03
23,4,71.25,100.89
23,3,72.75,101.76
23,2,74.25,102.63
23,1,75.75,103.49
23,0,77.25,104.36
24,53,0.75,58.46
24,52,2.25,59.32
24,51,3.75,60.19
24,50,5.25,61.06
24,49,6.75,61.92
24,48,8.25,62.79
24,47,9.75,63.65
24,46,11.25,64.52
24,45,12.75,65.39
24,44,14.25,66.25
24,43,15.75,67.12
24,42,17.25,67.98
24,41,18.75,68.85
24,40,20.25,69.72
24,39,21.75,70.58
24,38,23.25,71.45
24,37,24.75,72.31
24,36,26.25,73.18
24,35,27.75,74.05
24,34,29.25,74.91
24,33,30.75,75.78
24,32,32.25,76.64
24,31,33.75,77.51
24,30,35.25,78.38
24,29,36.75,79.24
24,28,38.25,80.11
24,27,39.75,80.97
24,26,41.25,81.84
24,25,42.75,82.71
24,24,44.25,83.57
24,23,45.75,84.44
24,22,47.25,85.30
24,21,48.75,86.17
24,20,50.25,87.04
24,19,51.75,87.90
24,18,53.25,88.77
24,17,54.75,89.63
24,16,56.25,90.50
24,15,57.75,91.37
24,14,59.25,92.23
24,13,60.75,93.10
24,12,62.25,93.97
24,11,63.75,94.83
24,10,65.25,95.70
24,9,66.75,96.56
24,8,68.25,97.43
24,7,69.75,98.30
24,6,71.25,99.16
24,5,72.75,100.03
24,4,74.25,100.89
24,3,75.75,101.76
24,2,77.25,102.63
24,1,78.75,103.49
24,0,80.25,104.36
25,55,0.75,56.73
25,54,2.25,57.59
25,53,3.75,58.46
25,52,5.25,59.32
25,51,6.75,60.19
25,50,8.25,61.06
25,49,9.75,61.92
25,48,11.25,62.79
25,47,12.75,63.65
25,46,14.25,64.52
25,45,15.75,65.39
25,44,17.25,66.25
25,43,18.75,67.12
25,42,20.25,67.98
25,41,21.75,68.85
25,40,23.25,69.72
25,39,24.75,70.58
25,38,26.25,71.45
25,37,27.75,72.31
25,36,29.25,73.18
25,35,30.75,74.05
25,34,32.25,74.91
25,33,33.75,75.78
25,32,35.25,76.64
25,31,36.75,77.51
25,30,38.25,78.38
25,29,39.75,79.24
25,28,41.25,80.11
25,27,42.75,80.97
25,26,44.25,81.84
25,25,45.75,82.71
25,24,47.25,83.57
25,23,48.75,84.44
25,22,50.25,85.30
25,21,51.75,86.17
25,20,53.25,87.04
25,19,54.75,87.90
25,18,56.25,88.77
25,17,57.75,89.63
25,16,59.25,90.50
25,15,60.75,91.37
25,14,62.25,92.23
25,13,63.75,93.10
25,12,65.25,93.97
25,11,66.75,94.83
25,10,68.25,95.70
25,9,69.75,96.56
25,8,71.25,97.43
25,7,72.75,98.30
25,6,74.25,99.16
25,5,75.75,100.03
25,4,77.25,100.89
25,3,78.75,101.76
25,2,80.25,102.63
25,1,81.75,103.49
25,0,83.25,104.36
26,57,0.75,54.99
26,56,2.25,55.86
26,55,3.75,56.73
26,54,5.25,57.59
26,53,6.75,58.46
26,52,8.25,59.32
26,51,9.75,60.19
26,50,11.25,61.06
26,49,12.75,61.92
26,48,14.25,62.79
26,47,15.75,63.65
26,46,17.25,64.52
26,45,18.75,65.39
26,44,20.25,66.25
26,43,21.75,67.12
26,42,23.25,67.98
26,41,24.75,68.85
26,40,26.25,69.72
26,39,27.75,70.58
26,38,29.25,71.45
26,37,30.75,72.31
26,36,32.25,73.18
26,35,33.75,74.05
26,34,35.25,74.91
26,33,36.75,75.78
26,32,38.25,76.64
26,31,39.75,77.51
26,30,41.25,78.38
26,29,42.75,79.24
26,28,44.25,80.11
26,27,45.75,80.97
26,26,47.25,81.84
26,25,48.75,82.71
26,24,50.25,83.57
26,23,51.75,84.44
26,22,53.25,85.30
26,21,54.75,86.17
26,20,56.25,87.04
26,19,57.75,87.90
26,18,59.25,88.77
26,17,60.75,89.64
26,16,62.25,90.50
26,15,63.75,91.37
26,14,65.25,92.23
26,13,66.75,93.10
26,12,68.25,93.97
26,11,69.75,94.83
26,10,71.25,95.70
26,9,72.75,96.56
26,8,74.25,97.43
26,7,75.75,98.30
26,6,77.25,99.16
26,5,78.75,100.03
26,4,80.25,100.89
26,3,81.75,101.76
26,2,83.25,102.63
26,1,84.75,103.49
26,0,86.25,104.36
27,59,0.75,53.26
27,58,2.25,54.13
27,57,3.75,54.99
27,56,5.25,55.86
27,55,6.75,56.73
27,54,8.25,57.59
27,53,9.75,58.46
27,52,11.25,59.32
27,51,12.75,60.19
27,50,14.25,61.06
27,49,15.75,61.92
27,48,17.25,62.79
27,47,18.75,63.65
27,46,20.25,64.52
27,45,21.75,65.39
27,44,23.25,66.25
27,43,24.75,67.12
27,42,26.25,67.98
27,41,27.75,68.85
27,40,29.25,69.72
27,39,30.75,70.58
27,38,32.25,71.45
27,37,33.75,72.31
27,36,35.25,73.18
27,35,36.75,74.05
27,34,38.25,74.91
27,33,39.75,75.78
27,32,41.25,76.64
27,31,42.75,77.51
27,30,44.25,78.38
27,29,45.75,79.24
27,28,47.25,80.11
27,27,48.75,80.97
27,26,50.25,81.84
27,25,51.75,82.71
27,24,53.25,83.57
27,23,54.75,84.44
27,22,56.25,85.30
27,21,57.75,86.17
27,20,59.25,87.04
27,19,60.75,87.90
27,18,62.25,88.77
27,17,63.75,89.64
27,16,65.25,90.50
27,15,66.75,91.37
27,14,68.25,92.23
27,13,69.75,93.10
27,12,71.25,93.97
27,11,72.75,94.83
27,10,74.25,95.70
27,9,75.75,96.56
27,8,77.25,97.43
27,7,78.75,98.30
27,6,80.25,99.16
27,5,81.75,100.03
27,4,83.25,100.89
27,3,84.75,101.76
27,2,86.25,102.63
27,1,87.75,103.49
27,0,89.25,104.36
28,61,0.75,51.53
28,60,2.25,52.40
28,59,3.75,53.26
28,58,5.25,54.13
28,57,6.75,54.99
28,56,8.25,55.86
28,55,9.75,56.73
28,54,11.25,57.59
28,53,12.75,58.46
28,52,14.25,59.32
28,51,15.75,60.19
28,50,17.25,61.06
28,49,18.75,61.92
28,48,20.25,62.79
28,47,21.75,63.65
28,46,23.25,64.52
28,45,24.75,65.39
28,44,26.25,66.25
28,43,27.75,67.12
28,42,29.25,67.98
28,41,30.75,68.85
28,40,32.25,69.72
28,39,33.75,70.58
28,38,35.25,71.45
28,37,36.75,72.31
28,36,38.25,73.18
28,35,39.75,74.05
28,34,41.25,74.91
28,33,42.75,75.78
28,32,44.25,76.64
28,31,45.75,77.51
28,30,47.25,78.38
28,29,48.75,79.24
28,28,50.25,80.11
28,27,51.75,80.97
28,26,53.25,81.84
28,25,54.75,82.71
28,24,56.25,83.57
28,23,57.75,84.44
28,22,59.25,85.31
28,21,60.75,86.17
28,20,62.25,87.04
28,19,63.75,87.90
28,18,65.25,88.77
28,17,66.75,89.64
28,16,68.25,90.50
28,15,69.75,91.37
28,14,71.25,92.23
28,13,72.75,93.10
28,12,74.25,93.97
28,11,75.75,94.83
28,10,77.25,95.70
28,9,78.75,96.56
28,8,80.25,97.43
28,7,81.75,98.30
28,6,83.25,99.16
28,5,84.75,100.03
28,4,86.25,100.89
28,3,87.75,101.76
28,2,89.25,102.63
28,1,90.75,103.49
28,0,92.25,104.36
29,63,0.75,49.80
29,62,2.25,50.66
29,61,3.75,51.53
29,60,5.25,52.40
29,59,6.75,53.26
29,58,8.25,54.13
29,57,9.75,54.99
29,56,11.25,55.86
29,55,12.75,56.73
29,54,14.25,57.59
29,53,15.75,58.46
29,52,17.25,59.32
29,51,18.75,60.19
29,50,20.25,61.06
29,49,21.75,61.92
29,48,23.25,62.79
29,47,24.75,63.65
29,46,26.25,64.52
29,45,27.75,65.39
29,44,29.25,66.25
29,43,30.75,67.12
29,42,32.25,67.98
29,41,33.75,68.85
29,40,35.25,69.72
29,39,36.75,70.58
29,38,38.25,71.45
29,37,39.75,72.31
29,36,41.25,73.18
29,35,42.75,74.05
29,34,44.25,74.91
29,33,45.75,75.78
29,32,47.25,76.64
29,31,48.75,77.51
29,30,50.25,78.38
29,29,51.75,79.24
29,28,53.25,80.11
29,27,54.75,80.97
29,26,56.25,81.84
29,25,57.75,82.71
29,24,59.25,83.57
29,23,60.75,84.44
29,22,62.25,85.31
29,21,63.75,86.17
29,20,65.25,87.04
29,19,66.75,87.90
29,18,68.25,88.77
29,17,69.75,89.64
29,16,71.25,90.50
29,15,72.75,91.37
29,14,74.25,92.23
29,13,75.75,93.10
29,12,77.25,93.97
29,11,78.75,94.83
29,10,80.25,95.70
29,9,81.75,96.56
29,8,83.25,97.43
29,7,84.75,98.30
29,6,86.25,99.16
29,5,87.75,100.03
29,4,89.25,100.89
29,3,90.75,101.76
29,2,92.25,102.63
29,1,93.75,103.49
29,0,95.25,104.36
30,65,0.75,48.07
30,64,2.25,48.93
30,63,3.75,49.80
30,62,5.25,50.66
30,61,6.75,51.53
30,60,8.25,52.40
30,59,9.75,53.26
30,58,11.25,54.13
30,57,12.75,54.99
30,56,14.25,55.86
30,55,15.75,56.73
30,54,17.25,57.59
30,53,18.75,58.46
30,52,20.25,59.32
30,51,21.75,60.19
30,50,23.25,61.06
30,49,24.75,61.92
30,48,26.25,62.79
30,47,27.75,63.65
30,46,29.25,64.52
30,45,30.75,65.39
30,44,32.25,66.25
30,43,33.75,67.12
30,42,35.25,67.98
30,41,36.75,68.85
30,40,38.25,69.72
30,39,39.75,70.58
30,38,41.25,71.45
30,37,42.75,72.31
30,36,44.25,73.18
30,35,45.75,74.05
30,34,47.25,74.91
30,33,48.75,75.78
30,32,50.25,76.64
30,31,51.75,77.51
30,30,53.25,78.38
30,29,54.75,79.24
30,28,56.25,80.11
30,27,57.75,80.97
30,26,59.25,81.84
30,25,60.75,82.71
30,24,62.25,83.57
30,23,63.75,84.44
30,22,65.25,85.31
30,21,66.75,86.17
30,20,68.25,87.04
30,19,69.75,87.90
30,18,71.25,88.77
30,17,72.75,89.64
30,16,74.25,90.50
30,15,75.75,91.37
30,14,77.25,92.23
30,13,78.75,93.10
30,12,80.25,93.97
30,11,81.75,94.83
30,10,83.25,95.70
30,9,84.75,96.56
30,8,86.25,97.43
30,7,87.75,98.30
30,6,89.25,99.16
30,5,90.75,100.03
30,4,92.25,100.89
30,3,93.75,101.76
30,2,95.25,102.63
30,1,96.75,103.49
30,0,98.25,104.36
31,66,0.75,46.33
31,65,2.25,47.20
31,64,3.75,48.07
31,63,5.25,48.93
31,62,6.75,49.80
31,61,8.25,50.66
31,60,9.75,51.53
31,59,11.25,52.40
31,58,12.75,53.26
31,57,14.25,54.13
31,56,15.75,54.99
31,55,17.25,55.86
31,54,18.75,56.73
31,53,20.25,57.59
31,52,21.75,58.46
31,51,23.25,59.32
31,50,24.75,60.19
31,49,26.25,61.06
31,48,27.75,61.92
31,47,29.25,62.79
31,46,30.75,63.65
31,45,32.25,64.52
31,44,33.75,65.39
31,43,35.25,66.25
31,42,36.75,67.12
31,41,38.25,67.98
31,40,39.75,68.85
31,39,41.25,69.72
31,38,42.75,70.58
31,37,44.25,71.45
31,36,45.75,72.31
31,35,47.25,73.18
31,34,48.75,74.05
31,33,50.25,74.91
31,32,51.75,75.78
31,31,53.25,76.64
31,30,54.75,77.51
31,29,56.25,78.38
31,28,57.75,79.24
31,27,59.25,80.11
31,26,60.75,80.98
31,25,62.25,81.84
31,24,63.75,82.71
31,23,65.25,83.57
31,22,66.75,84.44
31,21,68.25,85.31
31,20,69.75,86.17
31,19,71.25,87.04
31,18,72.75,87.90
31,17,74.25,88.77
31,16,75.75,89.64
31,15,77.25,90.50
31,14,78.75,91.37
31,13,80.25,92.23
31,12,81.75,93.10
31,11,83.25,93.97
31,10,84.75,94.83
31,9,86.25,95.70
31,8,87.75,96.56
31,7,89.25,97.43
31,6,90.75,98.30
31,5,92.25,99.16
31,4,93.75,100.03
31,3,95.25,100.89
31,2,96.75,101.76
31,1,98.25,102.63
31,0,99.75,103.49
32,67,0.75,44.60
32,66,2.25,45.47
32,65,3.75,46.33
32,64,5.25,47.20
32,63,6.75,48.07
32,62,8.25,48.93
32,61,9.75,49.80
32,60,11.25,50.66
32,59,12.75,51.53
32,58,14.25,52.40
32,57,15.75,53.26
32,56,17.25,54.13
32,55,18.75,54.99
32,54,20.25,55.86
32,53,21.75,56.73
32,52,23.25,57.59
32,51,24.75,58.46
32,50,26.25,59.32
32,49,27.75,60.19
32,48,29.25,61.06
32,47,30.75,61.92
32,46,32.25,62.79
32,45,33.75,63.65
32,44,35.25,64.52
32,43,36.75,65.39
32,42,38.25,66.25
32,41,39.75,67.12
32,40,41.25,67.98
32,39,42.75,68.85
32,38,44.25,69.72
32,37,45.75,70.58
32,36,47.25,71.45
32,35,48.75,72.31
32,34,50.25,73.18
32,33,51.75,74.05
32,32,53.25,74.91
32,31,54.75,75.78
32,30,56.25,76.64
32,29,57.75,77.51
32,28,59.25,78.38
32,27,60.75,79.24
32,26,62.25,80.11
32,25,63.75,80.98
32,24,65.25,81.84
32,23,66.75,82.71
32,22,68.25,83.57
32,21,69.75,84.44
32,20,71.25,85.31
32,19,72.75,86.17
32,18,74.25,87.04
32,17,75.75,87.90
32,16,77.25,88.77
32,15,78.75,89.64
32,14,80.25,90.50
32,13,81.75,91.37
32,12,83.25,92.23
32,11,84.75,93.10
32,10,86.25,93.97
32,9,87.75,94.83
32,8,89.25,95.70
32,7,90.75,96.56
32,6,92.25,97.43
32,5,93.75,98.30
32,4,95.25,99.16
32,3,96.75,100.03
32,2,98.25,100.89
32,1,99.75,101.76
32,0,101.25,102.63
33,68,0.75,42.87
33,67,2.25,43.74
33,66,3.75,44.60
33,65,5.25,45.47
33,64,6.75,46.33
33,63,8.25,47.20
33,62,9.75,48.07
33,61,11.25,48.93
33,60,12.75,49.80
33,59,14.25,50.66
33,58,15.75,51.53
33,57,17.25,52.40
33,56,18.75,53.26
33,55,20.25,54.13
33,54,21.75,54.99
33,53,23.25,55.86
33,52,24.75,56.73
33,51,26.25,57.59
33,50,27.75,58.46
33,49,29.25,59.32
33,48,30.75,60.19
33,47,32.25,61.06
33,46,33.75,61.92
33,45,35.25,62.79
33,44,36.75,63.65
33,43,38.25,64.52
33,42,39.75,65.39
33,41,41.25,66.25
33,40,42.75,67.12
33,39,44.25,67.98
33,38,45.75,68.85
33,37,47.25,69.72
33,36,48.75,70.58
33,35,50.25,71.45
33,34,51.75,72.31
33,33,53.25,73.18
33,32,54.75,74.05
33,31,56.25,74.91
33,30,57.75,75.78
33,29,59.25,76.65
33,28,60.75,77.51
33,27,62.25,78.38
33,26,63.75,79.24
33,25,65.25,80.11
33,24,66.75,80.98
33,23,68.25,81.84
33,22,69.75,82.71
33,21,71.25,83.57
33,20,72.75,84.44
33,19,74.25,85.31
33,18,75.75,86.17
33,17,77.25,87.04
33,16,78.75,87.90
33,15,80.25,88.77
33,14,81.75,89.64
33,13,83.25,90.50
33,12,84.75,91.37
33,11,86.25,92.23
33,10,87.75,93.10
33,9,89.25,93.97
33,8,90.75,94.83
33,7,92.25,95.70
33,6,93.75,96.56
33,5,95.25,97.43
33,4,96.75,98.30
33,3,98.25,99.16
33,2,99.75,100.03
33,1,101.25,100.89
33,0,102.75,101.76
34,69,0.75,41.14
34,68,2.25,42.00
34,67,3.75,42.87
34,66,5.25,43.74
34,65,6.75,44.60
34,64,8.25,45.47
34,63,9.75,46.33
34,62,11.25,47.20
34,61,12.75,48.07
34,60,14.25,48.93
34,59,15.75,49.80
34,58,17.25,50.66
34,57,18.75,51.53
34,56,20.25,52.40
34,55,21.75,53.26
34,54,23.25,54.13
34,53,24.75,54.99
34,52,26.25,55.86
34,51,27.75,56.73
34,50,29.25,57.59
34,49,30.75,58.46
34,48,32.25,59.32
34,47,33.75,60.19
34,46,35.25,61.06
34,45,36.75,61.92
34,44,38.25,62.79
34,43,39.75,63.65
34,42,41.25,64.52
34,41,42.75,65.39
34,40,44.25,66.25
34,39,45.75,67.12
34,38,47.25,67.98
34,37,48.75,68.85
34,36,50.25,69.72
34,35,51.75,70.58
34,34,53.25,71.45
34,33,54.75,72.31
34,32,56.25,73.18
34,31,57.75,74.05
34,30,59.25,74.91
34,29,60.75,75.78
34,28,62.25,76.65
34,27,63.75,77.51
34,26,65.25,78.38
34,25,66.75,79.24
34,24,68.25,80.11
34,23,69.75,80.98
34,22,71.25,81.84
34,21,72.75,82.71
34,20,74.25,83.57
34,19,75.75,84.44
34,18,77.25,85.31
34,17,78.75,86.17
34,16,80.25,87.04
34,15,81.75,87.90
34,14,83.25,88.77
34,13,84.75,89.64
34,12,86.25,90.50
34,11,87.75,91.37
34,10,89.25,92.23
34,9,90.75,93.10
34,8,92.25,93.97
34,7,93.75,94.83
34,6,95.25,95.70
34,5,96.75,96.56
34,4,98.25,97.43
34,3,99.75,98.30
34,2,101.25,99.16
34,1,102.75,100.03
34,0,104.25,100.89
35,72,0.75,39.41
35,71,2.25,40.27
35,70,3.75,41.14
35,69,5.25,42.00
35,68,6.75,42.87
35,67,8.25,43.74
35,66,9.75,44.60
35,65,11.25,45.47
35,64,12.75,46.33
35,63,14.25,47.20
35,62,15.75,48.07
35,61,17.25,48.93
35,60,18.75,49.80
35,59,20.25,50.66
35,58,21.75,51.53
35,57,23.25,52.40
35,56,24.75,53.26
35,55,26.25,54.13
35,54,27.75,54.99
35,53,29.25,55.86
35,52,30.75,56.73
35,51,32.25,57.59
35,50,33.75,58.46
35,49,35.25,59.32
35,48,36.75,60.19
35,47,38.25,61.06
35,46,39.75,61.92
35,45,41.25,62.79
35,44,42.75,63.65
35,43,44.25,64.52
35,42,45.75,65.39
35,41,47.25,66.25
35,40,48.75,67.12
35,39,50.25,67.98
35,38,51.75,68.85
35,37,53.25,69.72
35,36,54.75,70.58
35,35,56.25,71.45
35,34,57.75,72.31
35,33,59.25,73.18
35,32,60.75,74.05
35,31,62.25,74.91
35,30,63.75,75.78
35,29,65.25,76.65
35,28,66.75,77.51
35,27,68.25,78.38
35,26,69.75,79.24
35,25,71.25,80.11
35,24,72.75,80.98
35,23,74.25,81.84
35,22,75.75,82.71
35,21,77.25,83.57
35,20,78.75,84.44
35,19,80.25,85.31
35,18,81.75,86.17
35,17,83.25,87.04
35,16,84.75,87.90
35,15,86.25,88.77
35,14,87.75,89.64
35,13,89.25,90.50
35,12,90.75,91.37
35,11,92.25,92.23
35,10,93.75,93.10
35,9,95.25,93.97
35,8,96.75,94.83
35,7,98.25,95.70
35,6,99.75,96.56
35,5,101.25,97.43
35,4,102.75,98.30
35,3,104.25,99.16
35,2,105.75,100.03
35,1,107.25,100.89
35,0,108.75,101.76
36,72,0.75,37.67
36,71,2.25,38.54
36,70,3.75,39.41
36,69,5.25,40.27
36,68,6.75,41.14
36,67,8.25,42.00
36,66,9.75,42.87
36,65,11.25,43.74
36,64,12.75,44.60
36,63,14.25,45.47
36,62,15.75,46.33
36,61,17.25,47.20
36,60,18.75,48.07
36,59,20.25,48.93
36,58,21.75,49.80
36,57,23.25,50.66
36,56,24.75,51.53
36,55,26.25,52.40
36,54,27.75,53.26
36,53,29.25,54.13
36,52,30.75,54.99
36,51,32.25,55.86
36,50,33.75,56.73
36,49,35.25,57.59
36,48,36.75,58.46
36,47,38.25,59.32
36,46,39.75,60.19
36,45,41.25,61.06
36,44,42.75,61.92
36,43,44.25,62.79
36,42,45.75,63.65
36,41,47.25,64.52
36,40,48.75,65.39
36,39,50.25,66.25
36,38,51.75,67.12
36,37,53.25,67.98
36,36,54.75,68.85
36,35,56.25,69.72
36,34,57.75,70.58
36,33,59.25,71.45
36,32,60.75,72.32
36,31,62.25,73.18
36,30,63.75,74.05
36,29,65.25,74.91
36,28,66.75,75.78
36,27,68.25,76.65
36,26,69.75,77.51
36,25,71.25,78.38
36,24,72.75,79.24
36,23,74.25,80.11
36,22,75.75,80.98
36,21,77.25,81.84
36,20,78.75,82.71
36,19,80.25,83.57
36,18,81.75,84.44
36,17,83.25,85.31
36,16,84.75,86.17
36,15,86.25,87.04
36,14,87.75,87.90
36,13,89.25,88.77
36,12,90.75,89.64
36,11,92.25,90.50
36,10,93.75,91.37
36,9,95.25,92.23
36,8,96.75,93.10
36,7,98.25,93.97
36,6,99.75,94.83
36,5,101.25,95.70
36,4,102.75,96.56
36,3,104.25,97.43
36,2,105.75,98.30
36,1,107.25,99.16
36,0,108.75,100.03
37,72,0.75,35.94
37,71,2.25,36.81
37,70,3.75,37.67
37,69,5.25,38.54
37,68,6.75,39.41
37,67,8.25,40.27
37,66,9.75,41.14
37,65,11.25,42.00
37,64,12.75,42.87
37,63,14.25,43.74
37,62,15.75,44.60
37,61,17.25,45.47
37,60,18.75,46.33
37,59,20.25,47.20
37,58,21.75,48.07
37,57,23.25,48.93
37,56,24.75,49.80
37,55,26.25,50.66
37,54,27.75,51.53
37,53,29.25,52.40
37,52,30.75,53.26
37,51,32.25,54.13
37,50,33.75,54.99
37,49,35.25,55.86
37,48,36.75,56.73
37,47,38.25,57.59
37,46,39.75,58.46
37,45,41.25,59.32
37,44,42.75,60.19
37,43,44.25,61.06
37,42,45.75,61.92
37,41,47.25,62.79
37,40,48.75,63.65
37,39,50.25,64.52
37,38,51.75,65.39
37,37,53.25,66.25
37,36,54.75,67.12
37,35,56.25,67.98
37,34,57.75,68.85
37,33,59.25,69.72
37,32,60.75,70.58
37,31,62.25,71.45
37,30,63.75,72.32
37,29,65.25,73.18
37,28,66.75,74.05
37,27,68.25,74.91
37,26,69.75,75.78
37,25,71.25,76.65
37,24,72.75,77.51
37,23,74.25,78.38
37,22,75.75,79.24
37,21,77.25,80.11
37,20,78.75,80.98
37,19,80.25,81.84
37,18,81.75,82.71
37,17,83.25,83.57
37,16,84.75,84.44
37,15,86.25,85.31
37,14,87.75,86.17
37,13,89.25,87.04
37,12,90.75,87.90
37,11,92.25,88.77
37,10,93.75,89.64
37,9,95.25,90.50
37,8,96.75,91.37
37,7,98.25,92.23
37,6,99.75,93.10
37,5,101.25,93.97
37,4,102.75,94.83
37,3,104.25,95.70
37,2,105.75,96.56
37,1,107.25,97.43
37,0,108.75,98.30
38,72,0.75,34.21
38,71,2.25,35.08
38,70,3.75,35.94
38,69,5.25,36.81
38,68,6.75,37.67
38,67,8.25,38.54
38,66,9.75,39.41
38,65,11.25,40.27
38,64,12.75,41.14
38,63,14.25,42.00
38,62,15.75,42.87
38,61,17.25,43.74
38,60,18.75,44.60
38,59,20.25,45.47
38,58,21.75,46.33
38,57,23.25,47.20
38,56,24.75,48.07
38,55,26.25,48.93
38,54,27.75,49.80
38,53,29.25,50.66
38,52,30.75,51.53
38,51,32.25,52.40
38,50,33.75,53.26
38,49,35.25,54.13
38,48,36.75,54.99
38,47,38.25,55.86
38,46,39.75,56.73
38,45,41.25,57.59
38,44,42.75,58.46
38,43,44.25,59.32
38,42,45.75,60.19
38,41,47.25,61.06
38,40,48.75,61.92
38,39,50.25,62.79
38,38,51.75,63.65
38,37,53.25,64.52
38,36,54.75,65.39
38,35,56.25,66.25
38,34,57.75,67.12
38,33,59.25,67.99
38,32,60.75,68.85
38,31,62.25,69.72
38,30,63.75,70.58
38,29,65.25,71.45
38,28,66.75,72.32
38,27,68.25,73.18
38,26,69.75,74.05
38,25,71.25,74.91
38,24,72.75,75.78
38,23,74.25,76.65
38,22,75.75,77.51
38,21,77.25,78.38
38,20,78.75,79.24
38,19,80.25,80.11
38,18,81.75,80.98
38,17,83.25,81.84
38,16,84.75,82.71
38,15,86.25,83.57
38,14,87.75,84.44
38,13,89.25,85.31
38,12,90.75,86.17
38,11,92.25,87.04
38,10,93.75,87.90
38,9,95.25,88.77
38,8,96.75,89.64
38,7,98.25,90.50
38,6,99.75,91.37
38,5,101.25,92.23
38,4,102.75,93.10
38,3,104.25,93.97
38,2,105.75,94.83
38,1,107.25,95.70
38,0,108.75,96.56
39,72,0.75,32.48
39,71,2.25,33.34
39,70,3.75,34.21
39,69,5.25,35.08
39,68,6.75,35.94
39,67,8.25,36.81
39,66,9.75,37.67
39,65,11.25,38.54
39,64,12.75,39.41
39,63,14.25,40.27
39,62,15.75,41.14
39,61,17.25,42.00
39,60,18.75,42.87
39,59,20.25,43.74
39,58,21.75,44.60
39,57,23.25,45.47
39,56,24.75,46.33
39,55,26.25,47.20
39,54,27.75,48.07
39,53,29.25,48.93
39,52,30.75,49.80
39,51,32.25,50.66
39,50,33.75,51.53
39,49,35.25,52.40
39,48,36.75,53.26
39,47,38.25,54.13
39,46,39.75,54.99
39,45,41.25,55.86
39,44,42.75,56.73
39,43,44.25,57.59
39,42,45.75,58.46
39,41,47.25,59.32
39,40,48.75,60.19
39,39,50.25,61.06
39,38,51.75,61.92
39,37,53.25,62.79
39,36,54.75,63.65
39,35,56.25,64.52
39,34,57.75,65.39
39,33,59.25,66.25
39,32,60.75,67.12
39,31,62.25,67.99
39,30,63.75,68.85
39,29,65.25,69.72
39,28,66.75,70.58
39,27,68.25,71.45
39,26,69.75,72.32
39,25,71.25,73.18
39,24,72.75,74.05
39,23,74.25,74.91
39,22,75.75,75.78
39,21,77.25,76.65
39,20,78.75,77.51
39,19,80.25,78.38
39,18,81.75,79.24
39,17,83.25,80.11
39,16,84.75,80.98
39,15,86.25,81.84
39,14,87.75,82.71
39,13,89.25,83.57
39,12,90.75,84.44
39,11,92.25,85.31
39,10,93.75,86.17
39,9,95.25,87.04
39,8,96.75,87.90
39,7,98.25,88.77
39,6,99.75,89.64
39,5,101.25,90.50
39,4,102.75,91.37
39,3,104.25,92.23
39,2,105.75,93.10
39,1,107.25,93.97
39,0,108.75,94.83
40,72,0.75,30.75
40,71,2.25,31.61
40,70,3.75,32.48
40,69,5.25,33.34
40,68,6.75,34.21
40,67,8.25,35.08
40,66,9.75,35.94
40,65,11.25,36.81
40,64,12.75,37.67
40,63,14.25,38.54
40,62,15.75,39.41
40,61,17.25,40.27
40,60,18.75,41.14
40,59,20.25,42.00
40,58,21.75,42.87
40,57,23.25,43.74
40,56,24.75,44.60
40,55,26.25,45.47
40,54,27.75,46.33
40,53,29.25,47.20
40,52,30.75,48.07
40,51,32.25,48.93
40,50,33.75,49.80
40,49,35.25,50.66
40,48,36.75,51.53
40,47,38.25,52.40
40,46,39.75,53.26
40,45,41.25,54.13
40,44,42.75,54.99
40,43,44.25,55.86
40,42,45.75,56.73
40,41,47.25,57.59
40,40,48.75,58.46
40,39,50.25,59.32
40,38,51.75,60.19
40,37,53.25,61.06
40,36,54.75,61.92
40,35,56.25,62.79
40,34,57.75,63.65
40,33,59.25,64.52
40,32,60.75,65.39
40,31,62.25,66.25
40,30,63.75,67.12
40,29,65.25,67.99
40,28,66.75,68.85
40,27,68.25,69.72
40,26,69.75,70.58
40,25,71.25,71.45
40,24,72.75,72.32
40,23,74.25,73.18
40,22,75.75,74.05
40,21,77.25,74.91
40,20,78.75,75.78
40,19,80.25,76.65
40,18,81.75,77.51
40,17,83.25,78.38
40,16,84.75,79.24
40,15,86.25,80.11
40,14,87.75,80.98
40,13,89.25,81.84
40,12,90.75,82.71
40,11,92.25,83.57
40,10,93.75,84.44
40,9,95.25,85.31
40,8,96.75,86.17
40,7,98.25,87.04
40,6,99.75,87.90
40,5,101.25,88.77
40,4,102.75,89.64
40,3,104.25,90.50
40,2,105.75,91.37
40,1,107.25,92.23
40,0,108.75,93.10
41,72,0.75,29.01
41,71,2.25,29.88
41,70,3.75,30.75
41,69,5.25,31.61
41,68,6.75,32.48
41,67,8.25,33.34
41,66,9.75,34.21
41,65,11.25,35.08
41,64,12.75,35.94
41,63,14.25,36.81
41,62,15.75,37.67
41,61,17.25,38.54
41,60,18.75,39.41
41,59,20.25,40.27
41,58,21.75,41.14
41,57,23.25,42.00
41,56,24.75,42.87
41,55,26.25,43.74
41,54,27.75,44.60
41,53,29.25,45.47
41,52,30.75,46.33
41,51,32.25,47.20
41,50,33.75,48.07
41,49,35.25,48.93
41,48,36.75,49.80
41,47,38.25,50.66
41,46,39.75,51.53
41,45,41.25,52.40
41,44,42.75,53.26
41,43,44.25,54.13
41,42,45.75,54.99
41,41,47.25,55.86
41,40,48.75,56.73
41,39,50.25,57.59
41,38,51.75,58.46
41,37,53.25,59.32
41,36,54.75,60.19
41,35,56.25,61.06
41,34,57.75,61.92
41,33,59.25,62.79
41,32,60.75,63.66
41,31,62.25,64.52
41,30,63.75,65.39
41,29,65.25,66.25
41,28,66.75,67.12
41,27,68.25,67.99
41,26,69.75,68.85
41,25,71.25,69.72
41,24,72.75,70.58
41,23,74.25,71.45
41,22,75.75,72.32
41,21,77.25,73.18
41,20,78.75,74.05
41,19,80.25,74.91
41,18,81.75,75.78
41,17,83.25,76.65
41,16,84.75,77.51
41,15,86.25,78.38
41,14,87.75,79.24
41,13,89.25,80.11
41,12,90.75,80.98
41,11,92.25,81.84
41,10,93.75,82.71
41,9,95.25,83.57
41,8,96.75,84.44
41,7,98.25,85.31
41,6,99.75,86.17
41,5,101.25,87.04
41,4,102.75,87.90
41,3,104.25,88.77
41,2,105.75,89.64
41,1,107.25,90.50
41,0,108.75,91.37
42,72,0.75,27.28
42,71,2.25,28.15
42,70,3.75,29.01
42,69,5.25,29.88
42,68,6.75,30.75
42,67,8.25,31.61
42,66,9.75,32.48
42,65,11.25,33.34
42,64,12.75,34.21
42,63,14.25,35.08
42,62,15.75,35.94
42,61,17.25,36.81
42,60,18.75,37.67
42,59,20.25,38.54
42,58,21.75,39.41
42,57,23.25,40.27
42,56,24.75,41.14
42,55,26.25,42.00
42,54,27.75,42.87
42,53,29.25,43.74
42,52,30.75,44.60
42,51,32.25,45.47
42,50,33.75,46.33
42,49,35.25,47.20
42,48,36.75,48.07
42,47,38.25,48.93
42,46,39.75,49.80
42,45,41.25,50.66
42,44,42.75,51.53
42,43,44.25,52.40
42,42,45.75,53.26
42,41,47.25,54.13
42,40,48.75,54.99
42,39,50.25,55.86
42,38,51.75,56.73
42,37,53.25,57.59
42,36,54.75,58.46
42,35,56.25,59.32
42,34,57.75,60.19
42,33,59.25,61.06
42,32,60.75,61.92
42,31,62.25,62.79
42,30,63.75,63.66
42,29,65.25,64.52
42,28,66.75,65.39
42,27,68.25,66.25
42,26,69.75,67.12
42,25,71.25,67.99
42,24,72.75,68.85
42,23,74.25,69.72
42,22,75.75,70.58
42,21,77.25,71.45
42,20,78.75,72.32
42,19,80.25,73.18
42,18,81.75,74.05
42,17,83.25,74.91
42,16,84.75,75.78
42,15,86.25,76.65
42,14,87.75,77.51
42,13,89.25,78.38
42,12,90.75,79.24
42,11,92.25,80.11
42,10,93.75,80.98
42,9,95.25,81.84
42,8,96.75,82.71
42,7,98.25,83.57
42,6,99.75,84.44
42,5,101.25,85.31
42,4,102.75,86.17
42,3,104.25,87.04
42,2,105.75,87.90
42,1,107.25,88.77
42,0,108.75,89.64
43,72,0.75,25.55
43,71,2.25,26.42
43,70,3.75,27.28
43,69,5.25,28.15
43,68,6.75,29.01
43,67,8.25,29.88
43,66,9.75,30.75
43,65,11.25,31.61
43,64,12.75,32.48
43,63,14.25,33.34
43,62,15.75,34.21
43,61,17.25,35.08
43,60,18.75,35.94
43,59,20.25,36.81
43,58,21.75,37.67
43,57,23.25,38.54
43,56,24.75,39.41
43,55,26.25,40.27
43,54,27.75,41.14
43,53,29.25,42.00
43,52,30.75,42.87
43,51,32.25,43.74
43,50,33.75,44.60
43,49,35.25,45.47
43,48,36.75,46.33
43,47,38.25,47.20
43,46,39.75,48.07
43,45,41.25,48.93
43,44,42.75,49.80
43,43,44.25,50.66
43,42,45.75,51.53
43,41,47.25,52.40
43,40,48.75,53.26
43,39,50.25,54.13
43,38,51.75,54.99
43,37,53.25,55.86
43,36,54.75,56.73
43,35,56.25,57.59
43,34,57.75,58.46
43,33,59.25,59.33
43,32,60.75,60.19
43,31,62.25,61.06
43,30,63.75,61.92
43,29,65.25,62.79
43,28,66.75,63.66
43,27,68.25,64.52
43,26,69.75,65.39
43,25,71.25,66.25
43,24,72.75,67.12
43,23,74.25,67.99
43,22,75.75,68.85
43,21,77.25,69.72
43,20,78.75,70.58
43,19,80.25,71.45
43,18,81.75,72.32
43,17,83.25,73.18
43,16,84.75,74.05
43,15,86.25,74.91
43,14,87.75,75.78
43,13,89.25,76.65
43,12,90.75,77.51
43,11,92.25,78.38
43,10,93.75,79.24
43,9,95.25,80.11
43,8,96.75,80.98
43,7,98.25,81.84
43,6,99.75,82.71
43,5,101.25,83.57
43,4,102.75,84.44
43,3,104.25,85.31
43,2,105.75,86.17
43,1,107.25,87.04
43,0,108.75,87.90
44,72,0.75,23.82
44,71,2.25,24.68
44,70,3.75,25.55
44,69,5.25,26.42
44,68,6.75,27.28
44,67,8.25,28.15
44,66,9.75,29.01
44,65,11.25,29.88
44,64,12.75,30.75
44,63,14.25,31.61
44,62,15.75,32.48
44,61,17.25,33.34
44,60,18.75,34.21
44,59,20.25,35.08
44,58,21.75,35.94
44,57,23.25,36.81
44,56,24.75,37.67
44,55,26.25,38.54
44,54,27.75,39.41
44,53,29.25,40.27
44,52,30.75,41.14
44,51,32.25,42.00
44,50,33.75,42.87
44,49,35.25,43.74
44,48,36.75,44.60
44,47,38.25,45.47
44,46,39.75,46.33
44,45,41.25,47.20
44,44,42.75,48.07
44,43,44.25,48.93
44,42,45.75,49.80
44,41,47.25,50.66
44,40,48.75,51.53
44,39,50.25,52.40
44,38,51.75,53.26
44,37,53.25,54.13
44,36,54.75,54.99
44,35,56.25,55.86
44,34,57.75,56.73
44,33,59.25,57.59
44,32,60.75,58.46
44,31,62.25,59.33
44,30,63.75,60.19
44,29,65.25,61.06
44,28,66.75,61.92
44,27,68.25,62.79
44,26,69.75,63.66
44,25,71.25,64.52
44,24,72.75,65.39
44,23,74.25,66.25
44,22,75.75,67.12
44,21,77.25,67.99
44,20,78.75,68.85
44,19,80.25,69.72
44,18,81.75,70.58
44,17,83.25,71.45
44,16,84.75,72.32
44,15,86.25,73.18
44,14,87.75,74.05
44,13,89.25,74.91
44,12,90.75,75.78
44,11,92.25,76.65
44,10,93.75,77.51
44,9,95.25,78.38
44,8,96.75,79.24
44,7,98.25,80.11
44,6,99.75,80.98
44,5,101.25,81.84
44,4,102.75,82.71
44,3,104.25,83.57
44,2,105.75,84.44
44,1,107.25,85.31
44,0,108.75,86.17
45,72,0.75,22.09
45,71,2.25,22.95
45,70,3.75,23.82
45,69,5.25,24.68
45,68,6.75,25.55
45,67,8.25,26.42
45,66,9.75,27.28
45,65,11.25,28.15
45,64,12.75,29.01
45,63,14.25,29.88
45,62,15.75,30.75
45,61,17.25,31.61
45,60,18.75,32.48
45,59,20.25,33.34
45,58,21.75,34.21
45,57,23.25,35.08
45,56,24.75,35.94
45,55,26.25,36.81
45,54,27.75,37.67
45,53,29.25,38.54
45,52,30.75,39.41
45,51,32.25,40.27
45,50,33.75,41.14
45,49,35.25,42.00
45,48,36.75,42.87
45,47,38.25,43.74
45,46,39.75,44.60
45,45,41.25,45.47
45,44,42.75,46.33
45,43,44.25,47.20
45,42,45.75,48.07
45,41,47.25,48.93
45,40,48.75,49.80
45,39,50.25,50.66
45,38,51.75,51.53
45,37,53.25,52.40
45,36,54.75,53.26
45,35,56.25,54.13
45,34,57.75,54.99
45,33,59.25,55.86
45,32,60.75,56.73
45,31,62.25,57.59
45,30,63.75,58.46
45,29,65.25,59.33
45,28,66.75,60.19
45,27,68.25,61.06
45,26,69.75,61.92
45,25,71.25,62.79
45,24,72.75,63.66
45,23,74.25,64.52
45,22,75.75,65.39
45,21,77.25,66.25
45,20,78.75,67.12
45,19,80.25,67.99
45,18,81.75,68.85
45,17,83.25,69.72
45,16,84.75,70.58
45,15,86.25,71.45
45,14,87.75,72.32
45,13,89.25,73.18
45,12,90.75,74.05
45,11,92.25,74.91
45,10,93.75,75.78
45,9,95.25,76.65
45,8,96.75,77.51
45,7,98.25,78.38
45,6,99.75,79.24
45,5,101.25,80.11
45,4,102.75,80.98
45,3,104.25,81.84
45,2,105.75,82.71
45,1,107.25,83.57
45,0,108.75,84.44
46,72,0.75,20.35
46,71,2.25,21.22
46,70,3.75,22.09
46,69,5.25,22.95
46,68,6.75,23.82
46,67,8.25,24.68
46,66,9.75,25.55
46,65,11.25,26.42
46,64,12.75,27.28
46,63,14.25,28.15
46,62,15.75,29.01
46,61,17.25,29.88
46,60,18.75,30.75
46,59,20.25,31.61
46,58,21.75,32.48
46,57,23.25,33.34
46,56,24.75,34.21
46,55,26.25,35.08
46,54,27.75,35.94
46,53,29.25,36.81
46,52,30.75,37.67
46,51,32.25,38.54
46,50,33.75,39.41
46,49,35.25,40.27
46,48,36.75,41.14
46,47,38.25,42.00
46,46,39.75,42.87
46,45,41.25,43.74
46,44,42.75,44.60
46,43,44.25,45.47
46,42,45.75,46.33
46,41,47.25,47.20
46,40,48.75,48.07
46,39,50.25,48.93
46,38,51.75,49.80
46,37,53.25,50.66
46,36,54.75,51.53
46,35,56.25,52.40
46,34,57.75,53.26
46,33,59.25,54.13
46,32,60.75,55.00
46,31,62.25,55.86
46,30,63.75,56.73
46,29,65.25,57.59
46,28,66.75,58.46
46,27,68.25,59.33
46,26,69.75,60.19
46,25,71.25,61.06
46,24,72.75,61.92
46,23,74.25,62.79
46,22,75.75,63.66
46,21,77.25,64.52
46,20,78.75,65.39
46,19,80.25,66.25
46,18,81.75,67.12
46,17,83.25,67.99
46,16,84.75,68.85
46,15,86.25,69.72
46,14,87.75,70.58
46,13,89.25,71.45
46,12,90.75,72.32
46,11,92.25,73.18
46,10,93.75,74.05
46,9,95.25,74.91
46,8,96.75,75.78
46,7,98.25,76.65
46,6,99.75,77.51
46,5,101.25,78.38
46,4,102.75,79.24
46,3,104.25,80.11
46,2,105.75,80.98
46,1,107.25,81.84
46,0,108.75,82.71
47,72,0.75,18.62
47,71,2.25,19.49
47,70,3.75,20.35
47,69,5.25,21.22
47,68,6.75,22.09
47,67,8.25,22.95
47,66,9.75,23.82
47,65,11.25,24.68
47,64,12.75,25.55
47,63,14.25,26.42
47,62,15.75,27.28
47,61,17.25,28.15
47,60,18.75,29.01
47,59,20.25,29.88
47,58,21.75,30.75
47,57,23.25,31.61
47,56,24.75,32.48
47,55,26.25,33.34
47,54,27.75,34.21
47,53,29.25,35.08
47,52,30.75,35.94
47,51,32.25,36.81
47,50,33.75,37.67
47,49,35.25,38.54
47,48,36.75,39.41
47,47,38.25,40.27
47,46,39.75,41.14
47,45,41.25,42.00
47,44,42.75,42.87
47,43,44.25,43.74
47,42,45.75,44.60
47,41,47.25,45.47
47,40,48.75,46.33
47,39,50.25,47.20
47,38,51.75,48.07
47,37,53.25,48.93
47,36,54.75,49.80
47,35,56.25,50.66
47,34,57.75,51.53
47,33,59.25,52.40
47,32,60.75,53.26
47,31,62.25,54.13
47,30,63.75,55.00
47,29,65.25,55.86
47,28,66.75,56.73
47,27,68.25,57.59
47,26,69.75,58.46
47,25,71.25,59.33
47,24,72.75,60.19
47,23,74.25,61.06
47,22,75.75,61.92
47,21,77.25,62.79
47,20,78.75,63.66
47,19,80.25,64.52
47,18,81.75,65.39
47,17,83.25,66.25
47,16,84.75,67.12
47,15,86.25,67.99
47,14,87.75,68.85
47,13,89.25,69.72
47,12,90.75,70.58
47,11,92.25,71.45
47,10,93.75,72.32
47,9,95.25,73.18
47,8,96.75,74.05
47,7,98.25,74.91
47,6,99.75,75.78
47,5,101.25,76.65
47,4,102.75,77.51
47,3,104.25,78.38
47,2,105.75,79.24
47,1,107.25,80.11
47,0,108.75,80.98
48,72,0.75,16.89
48,71,2.25,17.76
48,70,3.75,18.62
48,69,5.25,19.49
48,68,6.75,20.35
48,67,8.25,21.22
48,66,9.75,22.09
48,65,11.25,22.95
48,64,12.75,23.82
48,63,14.25,24.68
48,62,15.75,25.55
48,61,17.25,26.42
48,60,18.75,27.28
48,59,20.25,28.15
48,58,21.75,29.01
48,57,23.25,29.88
48,56,24.75,30.75
48,55,26.25,31.61
48,54,27.75,32.48
48,53,29.25,33.34
48,52,30.75,34.21
48,51,32.25,35.08
48,50,33.75,35.94
48,49,35.25,36.81
48,48,36.75,37.67
48,47,38.25,38.54
48,46,39.75,39.41
48,45,41.25,40.27
48,44,42.75,41.14
48,43,44.25,42.00
48,42,45.75,42.87
48,41,47.25,43.74
48,40,48.75,44.60
48,39,50.25,45.47
48,38,51.75,46.33
48,37,53.25,47.20
48,36,54.75,48.07
48,35,56.25,48.93
48,34,57.75,49.80
48,33,59.25,50.67
48,32,60.75,51.53
48,31,62.25,52.40
48,30,63.75,53.26
48,29,65.25,54.13
48,28,66.75,55.00
48,27,68.25,55.86
48,26,69.75,56.73
48,25,71.25,57.59
48,24,72.75,58.46
48,23,74.25,59.33
48,22,75.75,60.19
48,21,77.25,61.06
48,20,78.75,61.92
48,19,80.25,62.79
48,18,81.75,63.66
48,17,83.25,64.52
48,16,84.75,65.39
48,15,86.25,66.25
48,14,87.75,67.12
48,13,89.25,67.99
48,12,90.75,68.85
48,11,92.25,69.72
48,10,93.75,70.58
48,9,95.25,71.45
48,8,96.75,72.32
48,7,98.25,73.18
48,6,99.75,74.05
48,5,101.25,74.91
48,4,102.75,75.78
48,3,104.25,76.65
48,2,105.75,77.51
48,1,107.25,78.38
48,0,108.75,79.24
49,72,0.75,15.16
49,71,2.25,16.02
49,70,3.75,16.89
49,69,5.25,17.76
49,68,6.75,18.62
49,67,8.25,19.49
49,66,9.75,20.35
49,65,11.25,21.22
49,64,12.75,22.09
49,63,14.25,22.95
49,62,15.75,23.82
49,61,17.25,24.68
49,60,18.75,25.55
49,59,20.25,26.42
49,58,21.75,27.28
49,57,23.25,28.15
49,56,24.75,29.01
49,55,26.25,29.88
49,54,27.75,30.75
49,53,29.25,31.61
49,52,30.75,32.48
49,51,32.25,33.34
49,50,33.75,34.21
49,49,35.25,35.08
49,48,36.75,35.94
49,47,38.25,36.81
49,46,39.75,37.67
49,45,41.25,38.54
49,44,42.75,39.41
49,43,44.25,40.27
49,42,45.75,41.14
49,41,47.25,42.00
49,40,48.75,42.87
49,39,50.25,43.74
49,38,51.75,44.60
49,37,53.25,45.47
49,36,54.75,46.33
49,35,56.25,47.20
49,34,57.75,48.07
49,33,59.25,48.93
49,32,60.75,49.80
49,31,62.25,50.67
49,30,63.75,51.53
49,29,65.25,52.40
49,28,66.75,53.26
49,27,68.25,54.13
49,26,69.75,55.00
49,25,71.25,55.86
49,24,72.75,56.73
49,23,74.25,57.59
49,22,75.75,58.46
49,21,77.25,59.33
49,20,78.75,60.19
49,19,80.25,61.06
49,18,81.75,61.92
49,17,83.25,62.79
49,16,84.75,63.66
49,15,86.25,64.52
49,14,87.75,65.39
49,13,89.25,66.25
49,12,90.75,67.12
49,11,92.25,67.99
49,10,93.75,68.85
49,9,95.25,69.72
49,8,96.75,70.58
49,7,98.25,71.45
49,6,99.75,72.32
49,5,101.25,73.18
49,4,102.75,74.05
49,3,104.25,74.91
49,2,105.75,75.78
49,1,107.25,76.65
49,0,108.75,77.51
50,72,0.75,13.43
50,71,2.25,14.29
50,70,3.75,15.16
50,69,5.25,16.02
50,68,6.75,16.89
50,67,8.25,17.76
50,66,9.75,18.62
50,65,11.25,19.49
50,64,12.75,20.35
50,63,14.25,21.22
50,62,15.75,22.09
50,61,17.25,22.95
50,60,18.75,23.82
50,59,20.25,24.68
50,58,21.75,25.55
50,57,23.25,26.42
50,56,24.75,27.28
50,55,26.25,28.15
50,54,27.75,29.01
50,53,29.25,29.88
50,52,30.75,30.75
50,51,32.25,31.61
50,50,33.75,32.48
50,49,35.25,33.34
50,48,36.75,34.21
50,47,38.25,35.08
50,46,39.75,35.94
50,45,41.25,36.81
50,44,42.75,37.67
50,43,44.25,38.54
50,42,45.75,39.41
50,41,47.25,40.27
50,40,48.75,41.14
50,39,50.25,42.00
50,38,51.75,42.87
50,37,53.25,43.74
50,36,54.75,44.60
50,35,56.25,45.47
50,34,57.75,46.33
50,33,59.25,47.20
50,32,60.75,48.07
50,31,62.25,48.93
50,30,63.75,49.80
50,29,65.25,50.67
50,28,66.75,51.53
50,27,68.25,52.40
50,26,69.75,53.26
50,25,71.25,54.13
50,24,72.75,55.00
50,23,74.25,55.86
50,22,75.75,56.73
50,21,77.25,57.59
50,20,78.75,58.46
50,19,80.25,59.33
50,18,81.75,60.19
50,17,83.25,61.06
50,16,84.75,61.92
50,15,86.25,62.79
50,14,87.75,63.66
50,13,89.25,64.52
50,12,90.75,65.39
50,11,92.25,66.25
50,10,93.75,67.12
50,9,95.25,67.99
50,8,96.75,68.85
50,7,98.25,69.72
50,6,99.75,70.58
50,5,101.25,71.45
50,4,102.75,72.32
50,3,104.25,73.18
50,2,105.75,74.05
50,1,107.25,74.91
50,0,108.75,75.78
51,72,0.75,11.69
51,71,2.25,12.56
51,70,3.75,13.43
51,69,5.25,14.29
51,68,6.75,15.16
51,67,8.25,16.02
51,66,9.75,16.89
51,65,11.25,17.76
51,64,12.75,18.62
51,63,14.25,19.49
51,62,15.75,20.35
51,61,17.25,21.22
51,60,18.75,22.09
51,59,20.25,22.95
51,58,21.75,23.82
51,57,23.25,24.68
51,56,24.75,25.55
51,55,26.25,26.42
51,54,27.75,27.28
51,53,29.25,28.15
51,52,30.75,29.01
51,51,32.25,29.88
51,50,33.75,30.75
51,49,35.25,31.61
51,48,36.75,32.48
51,47,38.25,33.34
51,46,39.75,34.21
51,45,41.25,35.08
51,44,42.75,35.94
51,43,44.25,36.81
51,42,45.75,37.67
51,41,47.25,38.54
51,40,48.75,39.41
51,39,50.25,40.27
51,38,51.75,41.14
51,37,53.25,42.00
51,36,54.75,42.87
51,35,56.25,43.74
51,34,57.75,44.60
51,33,59.25,45.47
51,32,60.75,46.34
51,31,62.25,47.20
51,30,63.75,48.07
51,29,65.25,48.93
51,28,66.75,49.80
51,27,68.25,50.67
51,26,69.75,51.53
51,25,71.25,52.40
51,24,72.75,53.26
51,23,74.25,54.13
51,22,75.75,55.00
51,21,77.25,55.86
51,20,78.75,56.73
51,19,80.25,57.59
51,18,81.75,58.46
51,17,83.25,59.33
51,16,84.75,60.19
51,15,86.25,61.06
51,14,87.75,61.92
51,13,89.25,62.79
51,12,90.75,63.66
51,11,92.25,64.52
51,10,93.75,65.39
51,9,95.25,66.25
51,8,96.75,67.12
51,7,98.25,67.99
51,6,99.75,68.85
51,5,101.25,69.72
51,4,102.75,70.58
51,3,104.25,71.45
51,2,105.75,72.32
51,1,107.25,73.18
51,0,108.75,74.05
52,72,0.75,9.96
52,71,2.25,10.83
52,70,3.75,11.69
52,69,5.25,12.56
52,68,6.75,13.43
52,67,8.25,14.29
52,66,9.75,15.16
52,65,11.25,16.02
52,64,12.75,16.89
52,63,14.25,17.76
52,62,15.75,18.62
52,61,17.25,19.49
52,60,18.75,20.35
52,59,20.25,21.22
52,58,21.75,22.09
52,57,23.25,22.95
52,56,24.75,23.82
52,55,26.25,24.68
52,54,27.75,25.55
52,53,29.25,26.42
52,52,30.75,27.28
52,51,32.25,28.15
52,50,33.75,29.01
52,49,35.25,29.88
52,48,36.75,30.75
52,47,38.25,31.61
52,46,39.75,32.48
52,45,41.25,33.34
52,44,42.75,34.21
52,43,44.25,35.08
52,42,45.75,35.94
52,41,47.25,36.81
52,40,48.75,37.67
52,39,50.25,38.54
52,38,51.75,39.41
52,37,53.25,40.27
52,36,54.75,41.14
52,35,56.25,42.00
52,34,57.75,42.87
52,33,59.25,43.74
52,32,60.75,44.60
52,31,62.25,45.47
52,30,63.75,46.34
52,29,65.25,47.20
52,28,66.75,48.07
52,27,68.25,48.93
52,26,69.75,49.80
52,25,71.25,50.67
52,24,72.75,51.53
52,23,74.25,52.40
52,22,75.75,53.26
52,21,77.25,54.13
52,20,78.75,55.00
52,19,80.25,55.86
52,18,81.75,56.73
52,17,83.25,57.59
52,16,84.75,58.46
52,15,86.25,59.33
52,14,87.75,60.19
52,13,89.25,61.06
52,12,90.75,61.92
52,11,92.25,62.79
52,10,93.75,63.66
52,9,95.25,64.52
52,8,96.75,65.39
52,7,98.25,66.25
52,6,99.75,67.12
52,5,101.25,67.99
52,4,102.75,68.85
52,3,104.25,69.72
52,2,105.75,70.58
52,1,107.25,71.45
52,0,108.75,72.32
53,72,0.75,8.23
53,71,2.25,9.10
53,70,3.75,9.96
53,69,5.25,10.83
53,68,6.75,11.69
53,67,8.25,12.56
53,66,9.75,13.43
53,65,11.25,14.29
53,64,12.75,15.16
53,63,14.25,16.02
53,62,15.75,16.89
53,61,17.25,17.76
53,60,18.75,18.62
53,59,20.25,19.49
53,58,21.75,20.35
53,57,23.25,21.22
53,56,24.75,22.09
53,55,26.25,22.95
53,54,27.75,23.82
53,53,29.25,24.68
53,52,30.75,25.55
53,51,32.25,26.42
53,50,33.75,27.28
53,49,35.25,28.15
53,48,36.75,29.01
53,47,38.25,29.88
53,46,39.75,30.75
53,45,41.25,31.61
53,44,42.75,32.48
53,43,44.25,33.34
53,42,45.75,34.21
53,41,47.25,35.08
53,40,48.75,35.94
53,39,50.25,36.81
53,38,51.75,37.67
53,37,53.25,38.54
53,36,54.75,39.41
53,35,56.25,40.27
53,34,57.75,41.14
53,33,59.25,42.01
53,32,60.75,42.87
53,31,62.25,43.74
53,30,63.75,44.60
53,29,65.25,45.47
53,28,66.75,46.34
53,27,68.25,47.20
53,26,69.75,48.07
53,25,71.25,48.93
53,24,72.75,49.80
53,23,74.25,50.67
53,22,75.75,51.53
53,21,77.25,52.40
53,20,78.75,53.26
53,19,80.25,54.13
53,18,81.75,55.00
53,17,83.25,55.86
53,16,84.75,56.73
53,15,86.25,57.59
53,14,87.75,58.46
53,13,89.25,59.33
53,12,90.75,60.19
53,11,92.25,61.06
53,10,93.75,61.92
53,9,95.25,62.79
53,8,96.75,63.66
53,7,98.25,64.52
53,6,99.75,65.39
53,5,101.25,66.25
53,4,102.75,67.12
53,3,104.25,67.99
53,2,105.75,68.85
53,1,107.25,69.72
53,0,108.75,70.58
54,72,0.75,6.50
54,71,2.25,7.36
54,70,3.75,8.23
54,69,5.25,9.10
54,68,6.75,9.96
54,67,8.25,10.83
54,66,9.75,11.69
54,65,11.25,12.56
54,64,12.75,13.43
54,63,14.25,14.29
54,62,15.75,15.16
54,61,17.25,16.02
54,60,18.75,16.89
54,59,20.25,17.76
54,58,21.75,18.62
54,57,23.25,19.49
54,56,24.75,20.35
54,55,26.25,21.22
54,54,27.75,22.09
54,53,29.25,22.95
54,52,30.75,23.82
54,51,32.25,24.68
54,50,33.75,25.55
54,49,35.25,26.42
54,48,36.75,27.28
54,47,38.25,28.15
54,46,39.75,29.01
54,45,41.25,29.88
54,44,42.75,30.75
54,43,44.25,31.61
54,42,45.75,32.48
54,41,47.25,33.34
54,40,48.75,34.21
54,39,50.25,35.08
54,38,51.75,35.94
54,37,53.25,36.81
54,36,54.75,37.67
54,35,56.25,38.54
54,34,57.75,39.41
54,33,59.25,40.27
54,32,60.75,41.14
54,31,62.25,42.01
54,30,63.75,42.87
54,29,65.25,43.74
54,28,66.75,44.60
54,27,68.25,45.47
54,26,69.75,46.34
54,25,71.25,47.20
54,24,72.75,48.07
54,23,74.25,48.93
54,22,75.75,49.80
54,21,77.25,50.67
54,20,78.75,51.53
54,19,80.25,52.40
54,18,81.75,53.26
54,17,83.25,54.13
54,16,84.75,55.00
54,15,86.25,55.86
54,14,87.75,56.73
54,13,89.25,57.59
54,12,90.75,58.46
54,11,92.25,59.33
54,10,93.75,60.19
54,9,95.25,61.06
54,8,96.75,61.92
54,7,98.25,62.79
54,6,99.75,63.66
54,5,101.25,64.52
54,4,102.75,65.39
54,3,104.25,66.25
54,2,105.75,67.12
54,1,107.25,67.99
54,0,108.75,68.85
55,72,2.25,5.63
55,71,3.75,6.50
55,70,5.25,7.36
55,69,6.75,8.23
55,68,8.25,9.10
55,67,9.75,9.96
55,66,11.25,10.83
55,65,12.75,11.69
55,64,14.25,12.56
55,63,15.75,13.43
55,62,17.25,14.29
55,61,18.75,15.16
55,60,20.25,16.02
55,59,21.75,16.89
55,58,23.25,17.76
55,57,24.75,18.62
55,56,26.25,19.49
55,55,27.75,20.35
55,54,29.25,21.22
55,53,30.75,22.09
55,52,32.25,22.95
55,51,33.75,23.82
55,50,35.25,24.68
55,49,36.75,25.55
55,48,38.25,26.42
55,47,39.75,27.28
55,46,41.25,28.15
55,45,42.75,29.01
55,44,44.25,29.88
55,43,45.75,30.75
55,42,47.25,31.61
55,41,48.75,32.48
55,40,50.25,33.34
55,39,51.75,34.21
55,38,53.25,35.08
55,37,54.75,35.94
55,36,56.25,36.81
55,35,57.75,37.67
55,34,59.25,38.54
55,33,60.75,39.41
55,32,62.25,40.27
55,31,63.75,41.14
55,30,65.25,42.01
55,29,66.75,42.87
55,28,68.25,43.74
55,27,69.75,44.60
55,26,71.25,45.47
55,25,72.75,46.34
55,24,74.25,47.20
55,23,75.75,48.07
55,22,77.25,48.93
55,21,78.75,49.80
55,20,80.25,50.67
55,19,81.75,51.53
55,18,83.25,52.40
55,17,84.75,53.26
55,16,86.25,54.13
55,15,87.75,55.00
55,14,89.25,55.86
55,13,90.75,56.73
55,12,92.25,57.59
55,11,93.75,58.46
55,10,95.25,59.33
55,9,96.75,60.19
55,8,98.25,61.06
55,7,99.75,61.92
55,6,101.25,62.79
55,5,102.75,63.66
55,4,104.25,64.52
55,3,105.75,65.39
55,2,107.25,66.25
55,1,108.75,67.12
55,0,110.25,67.99
56,70,3.75,4.77
56,69,5.25,5.63
56,68,6.75,6.50
56,67,8.25,7.36
56,66,9.75,8.23
56,65,11.25,9.10
56,64,12.75,9.96
56,63,14.25,10.83
56,62,15.75,11.69
56,61,17.25,12.56
56,60,18.75,13.43
56,59,20.25,14.29
56,58,21.75,15.16
56,57,23.25,16.02
56,56,24.75,16.89
56,55,26.25,17.76
56,54,27.75,18.62
56,53,29.25,19.49
56,52,30.75,20.35
56,51,32.25,21.22
56,50,33.75,22.09
56,49,35.25,22.95
56,48,36.75,23.82
56,47,38.25,24.68
56,46,39.75,25.55
56,45,41.25,26.42
56,44,42.75,27.28
56,43,44.25,28.15
56,42,45.75,29.01
56,41,47.25,29.88
56,40,48.75,30.75
56,39,50.25,31.61
56,38,51.75,32.48
56,37,53.25,33.34
56,36,54.75,34.21
56,35,56.25,35.08
56,34,57.75,35.94
56,33,59.25,36.81
56,32,60.75,37.68
56,31,62.25,38.54
56,30,63.75,39.41
56,29,65.25,40.27
56,28,66.75,41.14
56,27,68.25,42.01
56,26,69.75,42.87
56,25,71.25,43.74
56,24,72.75,44.60
56,23,74.25,45.47
56,22,75.75,46.34
56,21,77.25,47.20
56,20,78.75,48.07
56,19,80.25,48.93
56,18,81.75,49.80
56,17,83.25,50.67
56,16,84.75,51.53
56,15,86.25,52.40
56,14,87.75,53.26
56,13,89.25,54.13
56,12,90.75,55.00
56,11,92.25,55.86
56,10,93.75,56.73
56,9,95.25,57.59
56,8,96.75,58.46
56,7,98.25,59.33
56,6,99.75,60.19
56,5,101.25,61.06
56,4,102.75,61.92
56,3,104.25,62.79
56,2,105.75,63.66
56,1,107.25,64.52
56,0,108.75,65.39
57,69,5.25,3.90
57,68,6.75,4.77
57,67,8.25,5.63
57,66,9.75,6.50
57,65,11.25,7.36
57,64,12.75,8.23
57,63,14.25,9.10
57,62,15.75,9.96
57,61,17.25,10.83
57,60,18.75,11.69
57,59,20.25,12.56
57,58,21.75,13.43
57,57,23.25,14.29
57,56,24.75,15.16
57,55,26.25,16.02
57,54,27.75,16.89
57,53,29.25,17.76
57,52,30.75,18.62
57,51,32.25,19.49
57,50,33.75,20.35
57,49,35.25,21.22
57,48,36.75,22.09
57,47,38.25,22.95
57,46,39.75,23.82
57,45,41.25,24.68
57,44,42.75,25.55
57,43,44.25,26.42
57,42,45.75,27.28
57,41,47.25,28.15
57,40,48.75,29.01
57,39,50.25,29.88
57,38,51.75,30.75
57,37,53.25,31.61
57,36,54.75,32.48
57,35,56.25,33.34
57,34,57.75,34.21
57,33,59.25,35.08
57,32,60.75,35.94
57,31,62.25,36.81
57,30,63.75,37.68
57,29,65.25,38.54
57,28,66.75,39.41
57,27,68.25,40.27
57,26,69.75,41.14
57,25,71.25,42.01
57,24,72.75,42.87
57,23,74.25,43.74
57,22,75.75,44.60
57,21,77.25,45.47
57,20,78.75,46.34
57,19,80.25,47.20
57,18,81.75,48.07
57,17,83.25,48.93
57,16,84.75,49.80
57,15,86.25,50.67
57,14,87.75,51.53
57,13,89.25,52.40
57,12,90.75,53.26
57,11,92.25,54.13
57,10,93.75,55.00
57,9,95.25,55.86
57,8,96.75,56.73
57,7,98.25,57.59
57,6,99.75,58.46
57,5,101.25,59.33
57,4,102.75,60.19
57,3,104.25,61.06
57,2,105.75,61.92
57,1,107.25,62.79
57,0,108.75,63.66
58,68,6.75,3.03
58,67,8.25,3.90
58,66,9.75,4.77
58,65,11.25,5.63
58,64,12.75,6.50
58,63,14.25,7.36
58,62,15.75,8.23
58,61,17.25,9.10
58,60,18.75,9.96
58,59,20.25,10.83
58,58,21.75,11.69
58,57,23.25,12.56
58,56,24.75,13.43
58,55,26.25,14.29
58,54,27.75,15.16
58,53,29.25,16.02
58,52,30.75,16.89
58,51,32.25,17.76
58,50,33.75,18.62
58,49,35.25,19.49
58,48,36.75,20.35
58,47,38.25,21.22
58,46,39.75,22.09
58,45,41.25,22.95
58,44,42.75,23.82
58,43,44.25,24.68
58,42,45.75,25.55
58,41,47.25,26.42
58,40,48.75,27.28
58,39,50.25,28.15
58,38,51.75,29.01
58,37,53.25,29.88
58,36,54.75,30.75
58,35,56.25,31.61
58,34,57.75,32.48
58,33,59.25,33.35
58,32,60.75,34.21
58,31,62.25,35.08
58,30,63.75,35.94
58,29,65.25,36.81
58,28,66.75,37.68
58,27,68.25,38.54
58,26,69.75,39.41
58,25,71.25,40.27
58,24,72.75,41.14
58,23,74.25,42.01
58,22,75.75,42.87
58,21,77.25,43.74
58,20,78.75,44.60
58,19,80.25,45.47
58,18,81.75,46.34
58,17,83.25,47.20
58,16,84.75,48.07
58,15,86.25,48.93
58,14,87.75,49.80
58,13,89.25,50.67
58,12,90.75,51.53
58,11,92.25,52.40
58,10,93.75,53.26
58,9,95.25,54.13
58,8,96.75,55.00
58,7,98.25,55.86
58,6,99.75,56.73
58,5,101.25,57.59
58,4,102.75,58.46
58,3,104.25,59.33
58,2,105.75,60.19
58,1,107.25,61.06
58,0,108.75,61.92
59,67,8.25,2.17
59,66,9.75,3.03
59,65,11.25,3.90
59,64,12.75,4.77
59,63,14.25,5.63
59,62,15.75,6.50
59,61,17.25,7.36
59,60,18.75,8.23
59,59,20.25,9.10
59,58,21.75,9.96
59,57,23.25,10.83
59,56,24.75,11.69
59,55,26.25,12.56
59,54,27.75,13.43
59,53,29.25,14.29
59,52,30.75,15.16
59,51,32.25,16.02
59,50,33.75,16.89
59,49,35.25,17.76
59,48,36.75,18.62
59,47,38.25,19.49
59,46,39.75,20.35
59,45,41.25,21.22
59,44,42.75,22.09
59,43,44.25,22.95
59,42,45.75,23.82
59,41,47.25,24.68
59,40,48.75,25.55
59,39,50.25,26.42
59,38,51.75,27.28
59,37,53.25,28.15
59,36,54.75,29.01
59,35,56.25,29.88
59,34,57.75,30.75
59,33,59.25,31.61
59,32,60.75,32.48
59,31,62.25,33.35
59,30,63.75,34.21
59,29,65.25,35.08
59,28,66.75,35.94
59,27,68.25,36.81
59,26,69.75,37.68
59,25,71.25,38.54
59,24,72.75,39.41
59,23,74.25,40.27
59,22,75.75,41.14
59,21,77.25,42.01
59,20,78.75,42.87
59,19,80.25,43.74
59,18,81.75,44.60
59,17,83.25,45.47
59,16,84.75,46.34
59,15,86.25,47.20
59,14,87.75,48.07
59,13,89.25,48.93
59,12,90.75,49.80
59,11,92.25,50.67
59,10,93.75,51.53
59,9,95.25,52.40
59,8,96.75,53.26
59,7,98.25,54.13
59,6,99.75,55.00
59,5,101.25,55.86
59,4,102.75,56.73
59,3,104.25,57.59
59,2,105.75,58.46
59,1,107.25,59.33
59,0,108.75,60.19
60,66,9.75,1.30
60,65,11.25,2.17
60,64,12.75,3.03
60,63,14.25,3.90
60,62,15.75,4.77
60,61,17.25,5.63
60,60,18.75,6.50
60,59,20.25,7.36
60,58,21.75,8.23
60,57,23.25,9.10
60,56,24.75,9.96
60,55,26.25,10.83
60,54,27.75,11.69
60,53,29.25,12.56
60,52,30.75,13.43
60,51,32.25,14.29
60,50,33.75,15.16
60,49,35.25,16.02
60,48,36.75,16.89
60,47,38.25,17.76
60,46,39.75,18.62
60,45,41.25,19.49
60,44,42.75,20.35
60,43,44.25,21.22
60,42,45.75,22.09
60,41,47.25,22.95
60,40,48.75,23.82
60,39,50.25,24.68
60,38,51.75,25.55
60,37,53.25,26.42
60,36,54.75,27.28
60,35,56.25,28.15
60,34,57.75,29.01
60,33,59.25,29.88
60,32,60.75,30.75
60,31,62.25,31.61
60,30,63.75,32.48
60,29,65.25,33.35
60,28,66.75,34.21
60,27,68.25,35.08
60,26,69.75,35.94
60,25,71.25,36.81
60,24,72.75,37.68
60,23,74.25,38.54
60,22,75.75,39.41
60,21,77.25,40.27
60,20,78.75,41.14
60,19,80.25,42.01
60,18,81.75,42.87
60,17,83.25,43.74
60,16,84.75,44.60
60,15,86.25,45.47
60,14,87.75,46.34
60,13,89.25,47.20
60,12,90.75,48.07
60,11,92.25,48.93
60,10,93.75,49.80
60,9,95.25,50.67
60,8,96.75,51.53
60,7,98.25,52.40
60,6,99.75,53.26
60,5,101.25,54.13
60,4,102.75,55.00
60,3,104.25,55.86
60,2,105.75,56.73
60,1,107.25,57.59
60,0,108.75,58.46
61,64,12.75,1.30
61,63,14.25,2.17
61,62,15.75,3.03
61,61,17.25,3.90
61,60,18.75,4.77
61,59,20.25,5.63
61,58,21.75,6.50
61,57,23.25,7.36
61,56,24.75,8.23
61,55,26.25,9.10
61,54,27.75,9.96
61,53,29.25,10.83
61,52,30.75,11.69
61,51,32.25,12.56
61,50,33.75,13.43
61,49,35.25,14.29
61,48,36.75,15.16
61,47,38.25,16.02
61,46,39.75,16.89
61,45,41.25,17.76
61,44,42.75,18.62
61,43,44.25,19.49
61,42,45.75,20.35
61,41,47.25,21.22
61,40,48.75,22.09
61,39,50.25,22.95
61,38,51.75,23.82
61,37,53.25,24.68
61,36,54.75,25.55
61,35,56.25,26.42
61,34,57.75,27.28
61,33,59.25,28.15
61,32,60.75,29.02
61,31,62.25,29.88
61,30,63.75,30.75
61,29,65.25,31.61
61,28,66.75,32.48
61,27,68.25,33.35
61,26,69.75,34.21
61,25,71.25,35.08
61,24,72.75,35.94
61,23,74.25,36.81
61,22,75.75,37.68
61,21,77.25,38.54
61,20,78.75,39.41
61,19,80.25,40.27
61,18,81.75,41.14
61,17,83.25,42.01
61,16,84.75,42.87
61,15,86.25,43.74
61,14,87.75,44.60
61,13,89.25,45.47
61,12,90.75,46.34
61,11,92.25,47.20
61,10,93.75,48.07
61,9,95.25,48.93
61,8,96.75,49.80
61,7,98.25,50.67
61,6,99.75,51.53
61,5,101.25,52.40
61,4,102.75,53.26
61,3,104.25,54.13
61,2,105.75,55.00
61,1,107.25,55.86
61,0,108.75,56.73
62,62,15.75,1.30
62,61,17.25,2.17
62,60,18.75,3.03
62,59,20.25,3.90
62,58,21.75,4.77
62,57,23.25,5.63
62,56,24.75,6.50
62,55,26.25,7.36
62,54,27.75,8.23
62,53,29.25,9.10
62,52,30.75,9.96
62,51,32.25,10.83
62,50,33.75,11.69
62,49,35.25,12.56
62,48,36.75,13.43
62,47,38.25,14.29
62,46,39.75,15.16
62,45,41.25,16.02
62,44,42.75,16.89
62,43,44.25,17.76
62,42,45.75,18.62
62,41,47.25,19.49
62,40,48.75,20.35
62,39,50.25,21.22
62,38,51.75,22.09
62,37,53.25,22.95
62,36,54.75,23.82
62,35,56.25,24.68
62,34,57.75,25.55
62,33,59.25,26.42
62,32,60.75,27.28
62,31,62.25,28.15
62,30,63.75,29.02
62,29,65.25,29.88
62,28,66.75,30.75
62,27,68.25,31.61
62,26,69.75,32.48
62,25,71.25,33.35
62,24,72.75,34.21
62,23,74.25,35.08
62,22,75.75,35.94
62,21,77.25,36.81
62,20,78.75,37.68
62,19,80.25,38.54
62,18,81.75,39.41
62,17,83.25,40.27
62,16,84.75,41.14
62,15,86.25,42.01
62,14,87.75,42.87
62,13,89.25,43.74
62,12,90.75,44.60
62,11,92.25,45.47
62,10,93.75,46.34
62,9,95.25,47.20
62,8,96.75,48.07
62,7,98.25,48.93
62,6,99.75,49.80
62,5,101.25,50.67
62,4,102.75,51.53
62,3,104.25,52.40
62,2,105.75,53.26
62,1,107.25,54.13
62,0,108.75,55.00
63,60,18.75,1.30
63,59,20.25,2.17
63,58,21.75,3.03
63,57,23.25,3.90
63,56,24.75,4.77
63,55,26.25,5.63
63,54,27.75,6.50
63,53,29.25,7.36
63,52,30.75,8.23
63,51,32.25,9.10
63,50,33.75,9.96
63,49,35.25,10.83
63,48,36.75,11.69
63,47,38.25,12.56
63,46,39.75,13.43
63,45,41.25,14.29
63,44,42.75,15.16
63,43,44.25,16.02
63,42,45.75,16.89
63,41,47.25,17.76
63,40,48.75,18.62
63,39,50.25,19.49
63,38,51.75,20.35
63,37,53.25,21.22
63,36,54.75,22.09
63,35,56.25,22.95
63,34,57.75,23.82
63,33,59.25,24.69
63,32,60.75,25.55
63,31,62.25,26.42
63,30,63.75,27.28
63,29,65.25,28.15
63,28,66.75,29.02
63,27,68.25,29.88
63,26,69.75,30.75
63,25,71.25,31.61
63,24,72.75,32.48
63,23,74.25,33.35
63,22,75.75,34.21
63,21,77.25,35.08
63,20,78.75,35.94
63,19,80.25,36.81
63,18,81.75,37.68
63,17,83.25,38.54
63,16,84.75,39.41
63,15,86.25,40.27
63,14,87.75,41.14
63,13,89.25,42.01
63,12,90.75,42.87
63,11,92.25,43.74
63,10,93.75,44.60
63,9,95.25,45.47
63,8,96.75,46.34
63,7,98.25,47.20
63,6,99.75,48.07
63,5,101.25,48.93
63,4,102.75,49.80
63,3,104.25,50.67
63,2,105.75,51.53
63,1,107.25,52.40
63,0,108.75,53.26
64,58,21.75,1.30
64,57,23.25,2.17
64,56,24.75,3.03
64,55,26.25,3.90
64,54,27.75,4.77
64,53,29.25,5.63
64,52,30.75,6.50
64,51,32.25,7.36
64,50,33.75,8.23
64,49,35.25,9.10
64,48,36.75,9.96
64,47,38.25,10.83
64,46,39.75,11.69
64,45,41.25,12.56
64,44,42.75,13.43
64,43,44.25,14.29
64,42,45.75,15.16
64,41,47.25,16.02
64,40,48.75,16.89
64,39,50.25,17.76
64,38,51.75,18.62
64,37,53.25,19.49
64,36,54.75,20.35
64,35,56.25,21.22
64,34,57.75,22.09
64,33,59.25,22.95
64,32,60.75,23.82
64,31,62.25,24.69
64,30,63.75,25.55
64,29,65.25,26.42
64,28,66.75,27.28
64,27,68.25,28.15
64,26,69.75,29.02
64,25,71.25,29.88
64,24,72.75,30.75
64,23,74.25,31.61
64,22,75.75,32.48
64,21,77.25,33.35
64,20,78.75,34.21
64,19,80.25,35.08
64,18,81.75,35.94
64,17,83.25,36.81
64,16,84.75,37.68
64,15,86.25,38.54
64,14,87.75,39.41
64,13,89.25,40.27
64,12,90.75,41.14
64,11,92.25,42.01
64,10,93.75,42.87
64,9,95.25,43.74
64,8,96.75,44.60
64,7,98.25,45.47
64,6,99.75,46.34
64,5,101.25,47.20
64,4,102.75,48.07
64,3,104.25,48.93
64,2,105.75,49.80
64,1,107.25,50.67
64,0,108.75,51.53
65,56,24.75,1.30
65,55,26.25,2.17
65,54,27.75,3.03
65,53,29.25,3.90
65,52,30.75,4.77
65,51,32.25,5.63
65,50,33.75,6.50
65,49,35.25,7.36
65,48,36.75,8.23
65,47,38.25,9.10
65,46,39.75,9.96
65,45,41.25,10.83
65,44,42.75,11.69
65,43,44.25,12.56
65,42,45.75,13.43
65,41,47.25,14.29
65,40,48.75,15.16
65,39,50.25,16.02
65,38,51.75,16.89
65,37,53.25,17.76
65,36,54.75,18.62
65,35,56.25,19.49
65,34,57.75,20.35
65,33,59.25,21.22
65,32,60.75,22.09
65,31,62.25,22.95
65,30,63.75,23.82
65,29,65.25,24.69
65,28,66.75,25.55
65,27,68.25,26.42
65,26,69.75,27.28
65,25,71.25,28.15
65,24,72.75,29.02
65,23,74.25,29.88
65,22,75.75,30.75
65,21,77.25,31.61
65,20,78.75,32.48
65,19,80.25,33.35
65,18,81.75,34.21
65,17,83.25,35.08
65,16,84.75,35.94
65,15,86.25,36.81
65,14,87.75,37.68
65,13,89.25,38.54
65,12,90.75,39.41
65,11,92.25,40.27
65,10,93.75,41.14
65,9,95.25,42.01
65,8,96.75,42.87
65,7,98.25,43.74
65,6,99.75,44.60
65,5,101.25,45.47
65,4,102.75,46.34
65,3,104.25,47.20
65,2,105.75,48.07
65,1,107.25,48.93
65,0,108.75,49.80
66,54,27.75,1.30
66,53,29.25,2.17
66,52,30.75,3.03
66,51,32.25,3.90
66,50,33.75,4.77
66,49,35.25,5.63
66,48,36.75,6.50
66,47,38.25,7.36
66,46,39.75,8.23
66,45,41.25,9.10
66,44,42.75,9.96
66,43,44.25,10.83
66,42,45.75,11.69
66,41,47.25,12.56
66,40,48.75,13.43
66,39,50.25,14.29
66,38,51.75,15.16
66,37,53.25,16.02
66,36,54.75,16.89
66,35,56.25,17.76
66,34,57.75,18.62
66,33,59.25,19.49
66,32,60.75,20.36
66,31,62.25,21.22
66,30,63.75,22.09
66,29,65.25,22.95
66,28,66.75,23.82
66,27,68.25,24.69
66,26,69.75,25.55
66,25,71.25,26.42
66,24,72.75,27.28
66,23,74.25,28.15
66,22,75.75,29.02
66,21,77.25,29.88
66,20,78.75,30.75
66,19,80.25,31.61
66,18,81.75,32.48
66,17,83.25,33.35
66,16,84.75,34.21
66,15,86.25,35.08
66,14,87.75,35.94
66,13,89.25,36.81
66,12,90.75,37.68
66,11,92.25,38.54
66,10,93.75,39.41
66,9,95.25,40.27
66,8,96.75,41.14
66,7,98.25,42.01
66,6,99.75,42.87
66,5,101.25,43.74
66,4,102.75,44.60
66,3,104.25,45.47
66,2,105.75,46.34
66,1,107.25,47.20
66,0,108.75,48.07
67,52,30.75,1.30
67,51,32.25,2.17
67,50,33.75,3.03
67,49,35.25,3.90
67,48,36.75,4.77
67,47,38.25,5.63
67,46,39.75,6.50
67,45,41.25,7.36
67,44,42.75,8.23
67,43,44.25,9.10
67,42,45.75,9.96
67,41,47.25,10.83
67,40,48.75,11.69
67,39,50.25,12.56
67,38,51.75,13.43
67,37,53.25,14.29
67,36,54.75,15.16
67,35,56.25,16.02
67,34,57.75,16.89
67,33,59.25,17.76
67,32,60.75,18.62
67,31,62.25,19.49
67,30,63.75,20.36
67,29,65.25,21.22
67,28,66.75,22.09
67,27,68.25,22.95
67,26,69.75,23.82
67,25,71.25,24.69
67,24,72.75,25.55
67,23,74.25,26.42
67,22,75.75,27.28
67,21,77.25,28.15
67,20,78.75,29.02
67,19,80.25,29.88
67,18,81.75,30.75
67,17,83.25,31.61
67,16,84.75,32.48
67,15,86.25,33.35
67,14,87.75,34.21
67,13,89.25,35.08
67,12,90.75,35.94
67,11,92.25,36.81
67,10,93.75,37.68
67,9,95.25,38.54
67,8,96.75,39.41
67,7,98.25,40.27
67,6,99.75,41.14
67,5,101.25,42.01
67,4,102.75,42.87
67,3,104.25,43.74
67,2,105.75,44.60
67,1,107.25,45.47
67,0,108.75,46.34
68,50,33.75,1.30
68,49,35.25,2.17
68,48,36.75,3.03
68,47,38.25,3.90
68,46,39.75,4.77
68,45,41.25,5.63
68,44,42.75,6.50
68,43,44.25,7.36
68,42,45.75,8.23
68,41,47.25,9.10
68,40,48.75,9.96
68,39,50.25,10.83
68,38,51.75,11.69
68,37,53.25,12.56
68,36,54.75,13.43
68,35,56.25,14.29
68,34,57.75,15.16
68,33,59.25,16.03
68,32,60.75,16.89
68,31,62.25,17.76
68,30,63.75,18.62
68,29,65.25,19.49
68,28,66.75,20.36
68,27,68.25,21.22
68,26,69.75,22.09
68,25,71.25,22.95
68,24,72.75,23.82
68,23,74.25,24.69
68,22,75.75,25.55
68,21,77.25,26.42
68,20,78.75,27.28
68,19,80.25,28.15
68,18,81.75,29.02
68,17,83.25,29.88
68,16,84.75,30.75
68,15,86.25,31.61
68,14,87.75,32.48
68,13,89.25,33.35
68,12,90.75,34.21
68,11,92.25,35.08
68,10,93.75,35.94
68,9,95.25,36.81
68,8,96.75,37.68
68,7,98.25,38.54
68,6,99.75,39.41
68,5,101.25,40.27
68,4,102.75,41.14
68,3,104.25,42.01
68,2,105.75,42.87
68,1,107.25,43.74
68,0,108.75,44.60
69,48,36.75,1.30
69,47,38.25,2.17
69,46,39.75,3.03
69,45,41.25,3.90
69,44,42.75,4.77
69,43,44.25,5.63
69,42,45.75,6.50
69,41,47.25,7.36
69,40,48.75,8.23
69,39,50.25,9.10
69,38,51.75,9.96
69,37,53.25,10.83
69,36,54.75,11.69
69,35,56.25,12.56
69,34,57.75,13.43
69,33,59.25,14.29
69,32,60.75,15.16
69,31,62.25,16.03
69,30,63.75,16.89
69,29,65.25,17.76
69,28,66.75,18.62
69,27,68.25,19.49
69,26,69.75,20.36
69,25,71.25,21.22
69,24,72.75,22.09
69,23,74.25,22.95
69,22,75.75,23.82
69,21,77.25,24.69
69,20,78.75,25.55
69,19,80.25,26.42
69,18,81.75,27.28
69,17,83.25,28.15
69,16,84.75,29.02
69,15,86.25,29.88
69,14,87.75,30.75
69,13,89.25,31.61
69,12,90.75,32.48
69,11,92.25,33.35
69,10,93.75,34.21
69,9,95.25,35.08
69,8,96.75,35.94
69,7,98.25,36.81
69,6,99.75,37.68
69,5,101.25,38.54
69,4,102.75,39.41
69,3,104.25,40.27
69,2,105.75,41.14
69,1,107.25,42.01
69,0,108.75,42.87
70,46,39.75,1.30
70,45,41.25,2.17
70,44,42.75,3.03
70,43,44.25,3.90
70,42,45.75,4.77
70,41,47.25,5.63
70,40,48.75,6.50
70,39,50.25,7.36
70,38,51.75,8.23
70,37,53.25,9.10
70,36,54.75,9.96
70,35,56.25,10.83
70,34,57.75,11.69
70,33,59.25,12.56
70,32,60.75,13.43
70,31,62.25,14.29
70,30,63.75,15.16
70,29,65.25,16.03
70,28,66.75,16.89
70,27,68.25,17.76
70,26,69.75,18.62
70,25,71.25,19.49
70,24,72.75,20.36
70,23,74.25,21.22
70,22,75.75,22.09
70,21,77.25,22.95
70,20,78.75,23.82
70,19,80.25,24.69
70,18,81.75,25.55
70,17,83.25,26.42
70,16,84.75,27.28
70,15,86.25,28.15
70,14,87.75,29.02
70,13,89.25,29.88
70,12,90.75,30.75
70,11,92.25,31.61
70,10,93.75,32.48
70,9,95.25,33.35
70,8,96.75,34.21
70,7,98.25,35.08
70,6,99.75,35.94
70,5,101.25,36.81
70,4,102.75,37.68
70,3,104.25,38.54
70,2,105.75,39.41
70,1,107.25,40.27
70,0,108.75,41.14
71,44,42.75,1.30
71,43,44.25,2.17
71,42,45.75,3.03
71,41,47.25,3.90
71,40,48.75,4.77
71,39,50.25,5.63
71,38,51.75,6.50
71,37,53.25,7.36
71,36,54.75,8.23
71,35,56.25,9.10
71,34,57.75,9.96
71,33,59.25,10.83
71,32,60.75,11.70
71,31,62.25,12.56
71,30,63.75,13.43
71,29,65.25,14.29
71,28,66.75,15.16
71,27,68.25,16.03
71,26,69.75,16.89
71,25,71.25,17.76
71,24,72.75,18.62
71,23,74.25,19.49
71,22,75.75,20.36
71,21,77.25,21.22
71,20,78.75,22.09
71,19,80.25,22.95
71,18,81.75,23.82
71,17,83.25,24.69
71,16,84.75,25.55
71,15,86.25,26.42
71,14,87.75,27.28
71,13,89.25,28.15
71,12,90.75,29.02
71,11,92.25,29.88
71,10,93.75,30.75
71,9,95.25,31.61
71,8,96.75,32.48
71,7,98.25,33.35
71,6,99.75,34.21
71,5,101.25,35.08
71,4,102.75,35.94
71,3,104.25,36.81
71,2,105.75,37.68
71,1,107.25,38.54
71,0,108.75,39.41
72,42,45.75,1.30
72,41,47.25,2.17
72,40,48.75,3.03
72,39,50.25,3.90
72,38,51.75,4.77
72,37,53.25,5.63
72,36,54.75,6.50
72,35,56.25,7.36
72,34,57.75,8.23
72,33,59.25,9.10
72,32,60.75,9.96
72,31,62.25,10.83
72,30,63.75,11.70
72,29,65.25,12.56
72,28,66.75,13.43
72,27,68.25,14.29
72,26,69.75,15.16
72,25,71.25,16.03
72,24,72.75,16.89
72,23,74.25,17.76
72,22,75.75,18.62
72,21,77.25,19.49
72,20,78.75,20.36
72,19,80.25,21.22
72,18,81.75,22.09
72,17,83.25,22.95
72,16,84.75,23.82
72,15,86.25,24.69
72,14,87.75,25.55
72,13,89.25,26.42
72,12,90.75,27.28
72,11,92.25,28.15
72,10,93.75,29.02
72,9,95.25,29.88
72,8,96.75,30.75
72,7,98.25,31.61
72,6,99.75,32.48
72,5,101.25,33.35
72,4,102.75,34.21
72,3,104.25,35.08
72,2,105.75,35.94
72,1,107.25,36.81
72,0,108.75,37.68
73,40,48.75,1.30
73,39,50.25,2.17
73,38,51.75,3.03
73,37,53.25,3.90
73,36,54.75,4.77
73,35,56.25,5.63
73,34,57.75,6.50
73,33,59.25,7.37
73,32,60.75,8.23
73,31,62.25,9.10
73,30,63.75,9.96
73,29,65.25,10.83
73,28,66.75,11.70
73,27,68.25,12.56
73,26,69.75,13.43
73,25,71.25,14.29
73,24,72.75,15.16
73,23,74.25,16.03
73,22,75.75,16.89
73,21,77.25,17.76
73,20,78.75,18.62
73,19,80.25,19.49
73,18,81.75,20.36
73,17,83.25,21.22
73,16,84.75,22.09
73,15,86.25,22.95
73,14,87.75,23.82
73,13,89.25,24.69
73,12,90.75,25.55
73,11,92.25,26.42
73,10,93.75,27.28
73,9,95.25,28.15
73,8,96.75,29.02
73,7,98.25,29.88
73,6,99.75,30.75
73,5,101.25,31.61
73,4,102.75,32.48
73,3,104.25,33.35
73,2,105.75,34.21
73,1,107.25,35.08
73,0,108.75,35.94
74,38,51.75,1.30
74,37,53.25,2.17
74,36,54.75,3.03
74,35,56.25,3.90
74,34,57.75,4.77
74,33,59.25,5.63
74,32,60.75,6.50
74,31,62.25,7.37
74,30,63.75,8.23
74,29,65.25,9.10
74,28,66.75,9.96
74,27,68.25,10.83
74,26,69.75,11.70
74,25,71.25,12.56
74,24,72.75,13.43
74,23,74.25,14.29
74,22,75.75,15.16
74,21,77.25,16.03
74,20,78.75,16.89
74,19,80.25,17.76
74,18,81.75,18.62
74,17,83.25,19.49
74,16,84.75,20.36
74,15,86.25,21.22
74,14,87.75,22.09
74,13,89.25,22.95
74,12,90.75,23.82
74,11,92.25,24.69
74,10,93.75,25.55
74,9,95.25,26.42
74,8,96.75,27.28
74,7,98.25,28.15
74,6,99.75,29.02
74,5,101.25,29.88
74,4,102.75,30.75
74,3,104.25,31.61
74,2,105.75,32.48
74,1,107.25,33.35
74,0,108.75,34.21
75,36,54.75,1.30
75,35,56.25,2.17
75,34,57.75,3.03
75,33,59.25,3.90
75,32,60.75,4.77
75,31,62.25,5.63
75,30,63.75,6.50
75,29,65.25,7.37
75,28,66.75,8.23
75,27,68.25,9.10
75,26,69.75,9.96
75,25,71.25,10.83
75,24,72.75,11.70
75,23,74.25,12.56
75,22,75.75,13.43
75,21,77.25,14.29
75,20,78.75,15.16
75,19,80.25,16.03
75,18,81.75,16.89
75,17,83.25,17.76
75,16,84.75,18.62
75,15,86.25,19.49
75,14,87.75,20.36
75,13,89.25,21.22
75,12,90.75,22.09
75,11,92.25,22.95
75,10,93.75,23.82
75,9,95.25,24.69
75,8,96.75,25.55
75,7,98.25,26.42
75,6,99.75,27.28
75,5,101.25,28.15
75,4,102.75,29.02
75,3,104.25,29.88
75,2,105.75,30.75
75,1,107.25,31.61
75,0,108.75,32.48
76,34,57.75,1.30
76,33,59.25,2.17
76,32,60.75,3.04
76,31,62.25,3.90
76,30,63.75,4.77
76,29,65.25,5.63
76,28,66.75,6.50
76,27,68.25,7.37
76,26,69.75,8.23
76,25,71.25,9.10
76,24,72.75,9.96
76,23,74.25,10.83
76,22,75.75,11.70
76,21,77.25,12.56
76,20,78.75,13.43
76,19,80.25,14.29
76,18,81.75,15.16
76,17,83.25,16.03
76,16,84.75,16.89
76,15,86.25,17.76
76,14,87.75,18.62
76,13,89.25,19.49
76,12,90.75,20.36
76,11,92.25,21.22
76,10,93.75,22.09
76,9,95.25,22.95
76,8,96.75,23.82
76,7,98.25,24.69
76,6,99.75,25.55
76,5,101.25,26.42
76,4,102.75,27.28
76,3,104.25,28.15
76,2,105.75,29.02
76,1,107.25,29.88
76,0,108.75,30.75
77,32,60.75,1.30
77,31,62.25,2.17
77,30,63.75,3.04
77,29,65.25,3.90
77,28,66.75,4.77
77,27,68.25,5.63
77,26,69.75,6.50
77,25,71.25,7.37
77,24,72.75,8.23
77,23,74.25,9.10
77,22,75.75,9.96
77,21,77.25,10.83
77,20,78.75,11.70
77,19,80.25,12.56
77,18,81.75,13.43
77,17,83.25,14.29
77,16,84.75,15.16
77,15,86.25,16.03
77,14,87.75,16.89
77,13,89.25,17.76
77,12,90.75,18.62
77,11,92.25,19.49
77,10,93.75,20.36
77,9,95.25,21.22
77,8,96.75,22.09
77,7,98.25,22.95
77,6,99.75,23.82
77,5,101.25,24.69
77,4,102.75,25.55
77,3,104.25,26.42
77,2,105.75,27.28
77,1,107.25,28.15
77,0,108.75,29.02
78,30,63.75,1.30
78,29,65.25,2.17
78,28,66.75,3.04
78,27,68.25,3.90
78,26,69.75,4.77
78,25,71.25,5.63
78,24,72.75,6.50
78,23,74.25,7.37
78,22,75.75,8.23
78,21,77.25,9.10
78,20,78.75,9.96
78,19,80.25,10.83
78,18,81.75,11.70
78,17,83.25,12.56
78,16,84.75,13.43
78,15,86.25,14.29
78,14,87.75,15.16
78,13,89.25,16.03
78,12,90.75,16.89
78,11,92.25,17.76
78,10,93.75,18.62
78,9,95.25,19.49
78,8,96.75,20.36
78,7,98.25,21.22
78,6,99.75,22.09
78,5,101.25,22.95
78,4,102.75,23.82
78,3,104.25,24.69
78,2,105.75,25.55
78,1,107.25,26.42
78,0,108.75,27.28
79,28,66.75,1.30
79,27,68.25,2.17
79,26,69.75,3.04
79,25,71.25,3.90
79,24,72.75,4.77
79,23,74.25,5.63
79,22,75.75,6.50
79,21,77.25,7.37
79,20,78.75,8.23
79,19,80.25,9.10
79,18,81.75,9.96
79,17,83.25,10.83
79,16,84.75,11.70
79,15,86.25,12.56
79,14,87.75,13.43
79,13,89.25,14.29
79,12,90.75,15.16
79,11,92.25,16.03
79,10,93.75,16.89
79,9,95.25,17.76
79,8,96.75,18.62
79,7,98.25,19.49
79,6,99.75,20.36
79,5,101.25,21.22
79,4,102.75,22.09
79,3,104.25,22.95
79,2,105.75,23.82
79,1,107.25,24.69
79,0,108.75,25.55
80,26,69.75,1.30
80,25,71.25,2.17
80,24,72.75,3.04
80,23,74.25,3.90
80,22,75.75,4.77
80,21,77.25,5.63
80,20,78.75,6.50
80,19,80.25,7.37
80,18,81.75,8.23
80,17,83.25,9.10
80,16,84.75,9.96
80,15,86.25,10.83
80,14,87.75,11.70
80,13,89.25,12.56
80,12,90.75,13.43
80,11,92.25,14.29
80,10,93.75,15.16
80,9,95.25,16.03
80,8,96.75,16.89
80,7,98.25,17.76
80,6,99.75,18.62
80,5,101.25,19.49
80,4,102.75,20.36
80,3,104.25,21.22
80,2,105.75,22.09
80,1,107.25,22.95
80,0,108.75,23.82
81,24,72.75,1.30
81,23,74.25,2.17
81,22,75.75,3.04
81,21,77.25,3.90
81,20,78.75,4.77
81,19,80.25,5.63
81,18,81.75,6.50
81,17,83.25,7.37
81,16,84.75,8.23
81,15,86.25,9.10
81,14,87.75,9.96
81,13,89.25,10.83
81,12,90.75,11.70
81,11,92.25,12.56
81,10,93.75,13.43
81,9,95.25,14.29
81,8,96.75,15.16
81,7,98.25,16.03
81,6,99.75,16.89
81,5,101.25,17.76
81,4,102.75,18.62
81,3,104.25,19.49
81,2,105.75,20.36
81,1,107.25,21.22
81,0,108.75,22.09
82,22,75.75,1.30
82,21,77.25,2.17
82,20,78.75,3.04
82,19,80.25,3.90
82,18,81.75,4.77
82,17,83.25,5.63
82,16,84.75,6.50
82,15,86.25,7.37
82,14,87.75,8.23
82,13,89.25,9.10
82,12,90.75,9.96
82,11,92.25,10.83
82,10,93.75,11.70
82,9,95.25,12.56
82,8,96.75,13.43
82,7,98.25,14.29
82,6,99.75,15.16
82,5,101.25,16.03
82,4,102.75,16.89
82,3,104.25,17.76
82,2,105.75,18.62
82,1,107.25,19.49
82,0,108.75,20.36
83,20,78.75,1.30
83,19,80.25,2.17
83,18,81.75,3.04
83,17,83.25,3.90
83,16,84.75,4.77
83,15,86.25,5.63
83,14,87.75,6.50
83,13,89.25,7.37
83,12,90.75,8.23
83,11,92.25,9.10
83,10,93.75,9.96
83,9,95.25,10.83
83,8,96.75,11.70
83,7,98.25,12.56
83,6,99.75,13.43
83,5,101.25,14.29
83,4,102.75,15.16
83,3,104.25,16.03
83,2,105.75,16.89
83,1,107.25,17.76
83,0,108.75,18.62
84,18,81.75,1.30
84,17,83.25,2.17
84,16,84.75,3.04
84,15,86.25,3.90
84,14,87.75,4.77
84,13,89.25,5.63
84,12,90.75,6.50
84,11,92.25,7.37
84,10,93.75,8.23
84,9,95.25,9.10
84,8,96.75,9.96
84,7,98.25,10.83
84,6,99.75,11.70
84,5,101.25,12.56
84,4,102.75,13.43
84,3,104.25,14.29
84,2,105.75,15.16
84,1,107.25,16.03
84,0,108.75,16.89
85,16,84.75,1.30
85,15,86.25,2.17
85,14,87.75,3.04
85,13,89.25,3.90
85,12,90.75,4.77
85,11,92.25,5.63
85,10,93.75,6.50
85,9,95.25,7.37
85,8,96.75,8.23
85,7,98.25,9.10
85,6,99.75,9.96
85,5,101.25,10.83
85,4,102.75,11.70
85,3,104.25,12.56
85,2,105.75,13.43
85,1,107.25,14.29
85,0,108.75,15.16
86,14,87.75,1.30
86,13,89.25,2.17
86,12,90.75,3.04
86,11,92.25,3.90
86,10,93.75,4.77
86,9,95.25,5.63
86,8,96.75,6.50
86,7,98.25,7.37
86,6,99.75,8.23
86,5,101.25,9.10
86,4,102.75,9.96
86,3,104.25,10.83
86,2,105.75,11.70
86,1,107.25,12.56
86,0,108.75,13.43
87,12,90.75,1.30
87,11,92.25,2.17
87,10,93.75,3.04
87,9,95.25,3.90
87,8,96.75,4.77
87,7,98.25,5.63
87,6,99.75,6.50
87,5,101.25,7.37
87,4,102.75,8.23
87,3,104.25,9.10
87,2,105.75,9.96
87,1,107.25,10.83
87,0,108.75,11.70
88,10,93.75,1.30
88,9,95.25,2.17
88,8,96.75,3.04
88,7,98.25,3.90
88,6,99.75,4.77
88,5,101.25,5.63
88,4,102.75,6.50
88,3,104.25,7.37
88,2,105.75,8.23
88,1,107.25,9.10
88,0,108.75,9.96
89,8,96.75,1.30
89,7,98.25,2.17
89,6,99.75,3.04
89,5,101.25,3.90
89,4,102.75,4.77
89,3,104.25,5.63
89,2,105.75,6.50
89,1,107.25,7.37
89,0,108.75,8.23
90,6,99.75,1.30
90,5,101.25,2.17
90,4,102.75,3.04
90,3,104.25,3.90
90,2,105.75,4.77
90,1,107.25,5.63
90,0,108.75,6.50
91,4,102.75,1.30
91,3,104.25,2.17
91,2,105.75,3.04
91,1,107.25,3.90
91,0,108.75,4.77
