0,5,8.25,-0.43
0,4,6.75,0.43
0,3,5.25,1.30
0,2,3.75,2.16
0,1,2.25,3.03
0,0,0.75,3.90
1,7,9.75,0.43
1,6,8.25,1.30
1,5,6.75,2.16
1,4,5.25,3.03
1,3,3.75,3.90
1,2,2.25,4.76
1,1,0.75,5.63
1,0,-0.75,6.50
2,9,11.25,1.30
2,8,9.75,2.16
2,7,8.25,3.03
2,6,6.75,3.90
2,5,5.25,4.76
2,4,3.75,5.63
2,3,2.25,6.49
2,2,0.75,7.36
2,1,-0.75,8.23
2,0,-2.25,9.09
3,11,12.75,2.16
3,10,11.25,3.03
3,9,9.75,3.90
3,8,8.25,4.76
3,7,6.75,5.63
3,6,5.25,6.49
3,5,3.75,7.36
3,4,2.25,8.23
3,3,0.75,9.09
3,2,-0.75,9.96
3,1,-2.25,10.83
3,0,-3.75,11.69
4,13,14.25,3.03
4,12,12.75,3.90
4,11,11.25,4.76
4,10,9.75,5.63
4,9,8.25,6.49
4,8,6.75,7.36
4,7,5.25,8.23
4,6,3.75,9.09
4,5,2.25,9.96
4,4,0.75,10.82
4,3,-0.75,11.69
4,2,-2.25,12.56
4,1,-3.75,13.42
4,0,-5.25,14.29
5,15,15.75,3.90
5,14,14.25,4.76
5,13,12.75,5.63
5,12,11.25,6.49
5,11,9.75,7.36
5,10,8.25,8.23
5,9,6.75,9.09
5,8,5.25,9.96
5,7,3.75,10.82
5,6,2.25,11.69
5,5,0.75,12.56
5,4,-0.75,13.42
5,3,-2.25,14.29
5,2,-3.75,15.16
5,1,-5.25,16.02
5,0,-6.75,16.89
6,17,17.25,4.76
6,16,15.75,5.63
6,15,14.25,6.49
6,14,12.75,7.36
6,13,11.25,8.23
6,12,9.75,9.09
6,11,8.25,9.96
6,10,6.75,10.82
6,9,5.25,11.69
6,8,3.75,12.56
6,7,2.25,13.42
6,6,0.75,14.29
6,5,-0.75,15.16
6,4,-2.25,16.02
6,3,-3.75,16.89
6,2,-5.25,17.75
6,1,-6.75,18.62
6,0,-8.25,19.49
7,19,18.75,5.63
7,18,17.25,6.49
7,17,15.75,7.36
7,16,14.25,8.23
7,15,12.75,9.09
7,14,11.25,9.96
7,13,9.75,10.82
7,12,8.25,11.69
7,11,6.75,12.56
7,10,5.25,13.42
7,9,3.75,14.29
7,8,2.25,15.15
7,7,0.75,16.02
7,6,-0.75,16.89
7,5,-2.25,17.75
7,4,-3.75,18.62
7,3,-5.25,19.49
7,2,-6.75,20.35
7,1,-8.25,21.22
7,0,-9.75,22.08
8,21,20.25,6.49
8,20,18.75,7.36
8,19,17.25,8.23
8,18,15.75,9.09
8,17,14.25,9.96
8,16,12.75,10.82
8,15,11.25,11.69
8,14,9.75,12.56
8,13,8.25,13.42
8,12,6.75,14.29
8,11,5.25,15.15
8,10,3.75,16.02
8,9,2.25,16.89
8,8,0.75,17.75
8,7,-0.75,18.62
8,6,-2.25,19.49
8,5,-3.75,20.35
8,4,-5.25,21.22
8,3,-6.75,22.08
8,2,-8.25,22.95
8,1,-9.75,23.82
8,0,-11.25,24.68
9,23,21.75,7.36
9,22,20.25,8.23
9,21,18.75,9.09
9,20,17.25,9.96
9,19,15.75,10.82
9,18,14.25,11.69
9,17,12.75,12.56
9,16,11.25,13.42
9,15,9.75,14.29
9,14,8.25,15.15
9,13,6.75,16.02
9,12,5.25,16.89
9,11,3.75,17.75
9,10,2.25,18.62
9,9,0.75,19.48
9,8,-0.75,20.35
9,7,-2.25,21.22
9,6,-3.75,22.08
9,5,-5.25,22.95
9,4,-6.75,23.82
9,3,-8.25,24.68
9,2,-9.75,25.55
9,1,-11.25,26.41
9,0,-12.75,27.28
10,25,23.25,8.23
10,24,21.75,9.09
10,23,20.25,9.96
10,22,18.75,10.82
10,21,17.25,11.69
10,20,15.75,12.56
10,19,14.25,13.42
10,18,12.75,14.29
10,17,11.25,15.15
10,16,9.75,16.02
10,15,8.25,16.89
10,14,6.75,17.75
10,13,5.25,18.62
10,12,3.75,19.48
10,11,2.25,20.35
10,10,0.75,21.22
10,9,-0.75,22.08
10,8,-2.25,22.95
10,7,-3.75,23.82
10,6,-5.25,24.68
10,5,-6.75,25.55
10,4,-8.25,26.41
10,3,-9.75,27.28
10,2,-11.25,28.15
10,1,-12.75,29.01
10,0,-14.25,29.88
11,27,24.75,9.09
11,26,23.25,9.96
11,25,21.75,10.82
11,24,20.25,11.69
11,23,18.75,12.56
11,22,17.25,13.42
11,21,15.75,14.29
11,20,14.25,15.15
11,19,12.75,16.02
11,18,11.25,16.89
11,17,9.75,17.75
11,16,8.25,18.62
11,15,6.75,19.48
11,14,5.25,20.35
11,13,3.75,21.22
11,12,2.25,22.08
11,11,0.75,22.95
11,10,-0.75,23.82
11,9,-2.25,24.68
11,8,-3.75,25.55
11,7,-5.25,26.41
11,6,-6.75,27.28
11,5,-8.25,28.15
11,4,-9.75,29.01
11,3,-11.25,29.88
11,2,-12.75,30.74
11,1,-14.25,31.61
11,0,-15.75,32.48
12,29,26.25,9.96
12,28,24.75,10.82
12,27,23.25,11.69
12,26,21.75,12.56
12,25,20.25,13.42
12,24,18.75,14.29
12,23,17.25,15.15
12,22,15.75,16.02
12,21,14.25,16.89
12,20,12.75,17.75
12,19,11.25,18.62
12,18,9.75,19.48
12,17,8.25,20.35
12,16,6.75,21.22
12,15,5.25,22.08
12,14,3.75,22.95
12,13,2.25,23.81
12,12,0.75,24.68
12,11,-0.75,25.55
12,10,-2.25,26.41
12,9,-3.75,27.28
12,8,-5.25,28.15
12,7,-6.75,29.01
12,6,-8.25,29.88
12,5,-9.75,30.74
12,4,-11.25,31.61
12,3,-12.75,32.48
12,2,-14.25,33.34
12,1,-15.75,34.21
12,0,-17.25,35.07
13,31,27.75,10.82
13,30,26.25,11.69
13,29,24.75,12.56
13,28,23.25,13.42
13,27,21.75,14.29
13,26,20.25,15.15
13,25,18.75,16.02
13,24,17.25,16.89
13,23,15.75,17.75
13,22,14.25,18.62
13,21,12.75,19.48
13,20,11.25,20.35
13,19,9.75,21.22
13,18,8.25,22.08
13,17,6.75,22.95
13,16,5.25,23.81
13,15,3.75,24.68
13,14,2.25,25.55
13,13,0.75,26.41
13,12,-0.75,27.28
13,11,-2.25,28.15
13,10,-3.75,29.01
13,9,-5.25,29.88
13,8,-6.75,30.74
13,7,-8.25,31.61
13,6,-9.75,32.48
13,5,-11.25,33.34
13,4,-12.75,34.21
13,3,-14.25,35.07
13,2,-15.75,35.94
13,1,-17.25,36.81
13,0,-18.75,37.67
14,33,29.25,11.69
14,32,27.75,12.56
14,31,26.25,13.42
14,30,24.75,14.29
14,29,23.25,15.15
14,28,21.75,16.02
14,27,20.25,16.89
14,26,18.75,17.75
14,25,17.25,18.62
14,24,15.75,19.48
14,23,14.25,20.35
14,22,12.75,21.22
14,21,11.25,22.08
14,20,9.75,22.95
14,19,8.25,23.81
14,18,6.75,24.68
14,17,5.25,25.55
14,16,3.75,26.41
14,15,2.25,27.28
14,14,0.75,28.14
14,13,-0.75,29.01
14,12,-2.25,29.88
14,11,-3.75,30.74
14,10,-5.25,31.61
14,9,-6.75,32.48
14,8,-8.25,33.34
14,7,-9.75,34.21
14,6,-11.25,35.07
14,5,-12.75,35.94
14,4,-14.25,36.81
14,3,-15.75,37.67
14,2,-17.25,38.54
14,1,-18.75,39.40
14,0,-20.25,40.27
15,35,30.75,12.56
15,34,29.25,13.42
15,33,27.75,14.29
15,32,26.25,15.15
15,31,24.75,16.02
15,30,23.25,16.89
15,29,21.75,17.75
15,28,20.25,18.62
15,27,18.75,19.48
15,26,17.25,20.35
15,25,15.75,21.22
15,24,14.25,22.08
15,23,12.75,22.95
15,22,11.25,23.81
15,21,9.75,24.68
15,20,8.25,25.55
15,19,6.75,26.41
15,18,5.25,27.28
15,17,3.75,28.14
15,16,2.25,29.01
15,15,0.75,29.88
15,14,-0.75,30.74
15,13,-2.25,31.61
15,12,-3.75,32.48
15,11,-5.25,33.34
15,10,-6.75,34.21
15,9,-8.25,35.07
15,8,-9.75,35.94
15,7,-11.25,36.81
15,6,-12.75,37.67
15,5,-14.25,38.54
15,4,-15.75,39.40
15,3,-17.25,40.27
15,2,-18.75,41.14
15,1,-20.25,42.00
15,0,-21.75,42.87
16,37,32.25,13.42
16,36,30.75,14.29
16,35,29.25,15.15
16,34,27.75,16.02
16,33,26.25,16.89
16,32,24.75,17.75
16,31,23.25,18.62
16,30,21.75,19.48
16,29,20.25,20.35
16,28,18.75,21.22
16,27,17.25,22.08
16,26,15.75,22.95
16,25,14.25,23.81
16,24,12.75,24.68
16,23,11.25,25.55
16,22,9.75,26.41
16,21,8.25,27.28
16,20,6.75,28.14
16,19,5.25,29.01
16,18,3.75,29.88
16,17,2.25,30.74
16,16,0.75,31.61
16,15,-0.75,32.48
16,14,-2.25,33.34
16,13,-3.75,34.21
16,12,-5.25,35.07
16,11,-6.75,35.94
16,10,-8.25,36.81
16,9,-9.75,37.67
16,8,-11.25,38.54
16,7,-12.75,39.40
16,6,-14.25,40.27
16,5,-15.75,41.14
16,4,-17.25,42.00
16,3,-18.75,42.87
16,2,-20.25,43.73
16,1,-21.75,44.60
16,0,-23.25,45.47
17,39,33.75,14.29
17,38,32.25,15.15
17,37,30.75,16.02
17,36,29.25,16.89
17,35,27.75,17.75
17,34,26.25,18.62
17,33,24.75,19.48
17,32,23.25,20.35
17,31,21.75,21.22
17,30,20.25,22.08
17,29,18.75,22.95
17,28,17.25,23.81
17,27,15.75,24.68
17,26,14.25,25.55
17,25,12.75,26.41
17,24,11.25,27.28
17,23,9.75,28.14
17,22,8.25,29.01
17,21,6.75,29.88
17,20,5.25,30.74
17,19,3.75,31.61
17,18,2.25,32.47
17,17,0.75,33.34
17,16,-0.75,34.21
17,15,-2.25,35.07
17,14,-3.75,35.94
17,13,-5.25,36.81
17,12,-6.75,37.67
17,11,-8.25,38.54
17,10,-9.75,39.40
17,9,-11.25,40.27
17,8,-12.75,41.14
17,7,-14.25,42.00
17,6,-15.75,42.87
17,5,-17.25,43.73
17,4,-18.75,44.60
17,3,-20.25,45.47
17,2,-21.75,46.33
17,1,-23.25,47.20
17,0,-24.75,48.06
18,41,35.25,15.15
18,40,33.75,16.02
18,39,32.25,16.89
18,38,30.75,17.75
18,37,29.25,18.62
18,36,27.75,19.48
18,35,26.25,20.35
18,34,24.75,21.22
18,33,23.25,22.08
18,32,21.75,22.95
18,31,20.25,23.81
18,30,18.75,24.68
18,29,17.25,25.55
18,28,15.75,26.41
18,27,14.25,27.28
18,26,12.75,28.14
18,25,11.25,29.01
18,24,9.75,29.88
18,23,8.25,30.74
18,22,6.75,31.61
18,21,5.25,32.47
18,20,3.75,33.34
18,19,2.25,34.21
18,18,0.75,35.07
18,17,-0.75,35.94
18,16,-2.25,36.81
18,15,-3.75,37.67
18,14,-5.25,38.54
18,13,-6.75,39.40
18,12,-8.25,40.27
18,11,-9.75,41.14
18,10,-11.25,42.00
18,9,-12.75,42.87
18,8,-14.25,43.73
18,7,-15.75,44.60
18,6,-17.25,45.47
18,5,-18.75,46.33
18,4,-20.25,47.20
18,3,-21.75,48.06
18,2,-23.25,48.93
18,1,-24.75,49.80
18,0,-26.25,50.66
19,43,36.75,16.02
19,42,35.25,16.89
19,41,33.75,17.75
19,40,32.25,18.62
19,39,30.75,19.48
19,38,29.25,20.35
19,37,27.75,21.22
19,36,26.25,22.08
19,35,24.75,22.95
19,34,23.25,23.81
19,33,21.75,24.68
19,32,20.25,25.55
19,31,18.75,26.41
19,30,17.25,27.28
19,29,15.75,28.14
19,28,14.25,29.01
19,27,12.75,29.88
19,26,11.25,30.74
19,25,9.75,31.61
19,24,8.25,32.47
19,23,6.75,33.34
19,22,5.25,34.21
19,21,3.75,35.07
19,20,2.25,35.94
19,19,0.75,36.80
19,18,-0.75,37.67
19,17,-2.25,38.54
19,16,-3.75,39.40
19,15,-5.25,40.27
19,14,-6.75,41.14
19,13,-8.25,42.00
19,12,-9.75,42.87
19,11,-11.25,43.73
19,10,-12.75,44.60
19,9,-14.25,45.47
19,8,-15.75,46.33
19,7,-17.25,47.20
19,6,-18.75,48.06
19,5,-20.25,48.93
19,4,-21.75,49.80
19,3,-23.25,50.66
19,2,-24.75,51.53
19,1,-26.25,52.39
19,0,-27.75,53.26
20,45,38.25,16.89
20,44,36.75,17.75
20,43,35.25,18.62
20,42,33.75,19.48
20,41,32.25,20.35
20,40,30.75,21.22
20,39,29.25,22.08
20,38,27.75,22.95
20,37,26.25,23.81
20,36,24.75,24.68
20,35,23.25,25.55
20,34,21.75,26.41
20,33,20.25,27.28
20,32,18.75,28.14
20,31,17.25,29.01
20,30,15.75,29.88
20,29,14.25,30.74
20,28,12.75,31.61
20,27,11.25,32.47
20,26,9.75,33.34
20,25,8.25,34.21
20,24,6.75,35.07
20,23,5.25,35.94
20,22,3.75,36.80
20,21,2.25,37.67
20,20,0.75,38.54
20,19,-0.75,39.40
20,18,-2.25,40.27
20,17,-3.75,41.14
20,16,-5.25,42.00
20,15,-6.75,42.87
20,14,-8.25,43.73
20,13,-9.75,44.60
20,12,-11.25,45.47
20,11,-12.75,46.33
20,10,-14.25,47.20
20,9,-15.75,48.06
20,8,-17.25,48.93
20,7,-18.75,49.80
20,6,-20.25,50.66
20,5,-21.75,51.53
20,4,-23.25,52.39
20,3,-24.75,53.26
20,2,-26.25,54.13
20,1,-27.75,54.99
20,0,-29.25,55.86
21,47,39.75,17.75
21,46,38.25,18.62
21,45,36.75,19.48
21,44,35.25,20.35
21,43,33.75,21.22
21,42,32.25,22.08
21,41,30.75,22.95
21,40,29.25,23.81
21,39,27.75,24.68
21,38,26.25,25.55
21,37,24.75,26.41
21,36,23.25,27.28
21,35,21.75,28.14
21,34,20.25,29.01
21,33,18.75,29.88
21,32,17.25,30.74
21,31,15.75,31.61
21,30,14.25,32.47
21,29,12.75,33.34
21,28,11.25,34.21
21,27,9.75,35.07
21,26,8.25,35.94
21,25,6.75,36.80
21,24,5.25,37.67
21,23,3.75,38.54
21,22,2.25,39.40
21,21,0.75,40.27
21,20,-0.75,41.14
21,19,-2.25,42.00
21,18,-3.75,42.87
21,17,-5.25,43.73
21,16,-6.75,44.60
21,15,-8.25,45.47
21,14,-9.75,46.33
21,13,-11.25,47.20
21,12,-12.75,48.06
21,11,-14.25,48.93
21,10,-15.75,49.80
21,9,-17.25,50.66
21,8,-18.75,51.53
21,7,-20.25,52.39
21,6,-21.75,53.26
21,5,-23.25,54.13
21,4,-24.75,54.99
21,3,-26.25,55.86
21,2,-27.75,56.72
21,1,-29.25,57.59
21,0,-30.75,58.46
22,49,41.25,18.62
22,48,39.75,19.48
22,47,38.25,20.35
22,46,36.75,21.22
22,45,35.25,22.08
22,44,33.75,22.95
22,43,32.25,23.81
22,42,30.75,24.68
22,41,29.25,25.55
22,40,27.75,26.41
22,39,26.25,27.28
22,38,24.75,28.14
22,37,23.25,29.01
22,36,21.75,29.88
22,35,20.25,30.74
22,34,18.75,31.61
22,33,17.25,32.47
22,32,15.75,33.34
22,31,14.25,34.21
22,30,12.75,35.07
22,29,11.25,35.94
22,28,9.75,36.80
22,27,8.25,37.67
22,26,6.75,38.54
22,25,5.25,39.40
22,24,3.75,40.27
22,23,2.25,41.13
22,22,0.75,42.00
22,21,-0.75,42.87
22,20,-2.25,43.73
22,19,-3.75,44.60
22,18,-5.25,45.47
22,17,-6.75,46.33
22,16,-8.25,47.20
22,15,-9.75,48.06
22,14,-11.25,48.93
22,13,-12.75,49.80
22,12,-14.25,50.66
22,11,-15.75,51.53
22,10,-17.25,52.39
22,9,-18.75,53.26
22,8,-20.25,54.13
22,7,-21.75,54.99
22,6,-23.25,55.86
22,5,-24.75,56.72
22,4,-26.25,57.59
22,3,-27.75,58.46
22,2,-29.25,59.32
22,1,-30.75,60.19
22,0,-32.25,61.05
23,51,42.75,19.48
23,50,41.25,20.35
23,49,39.75,21.22
23,48,38.25,22.08
23,47,36.75,22.95
23,46,35.25,23.81
23,45,33.75,24.68
23,44,32.25,25.55
23,43,30.75,26.41
23,42,29.25,27.28
23,41,27.75,28.14
23,40,26.25,29.01
23,39,24.75,29.88
23,38,23.25,30.74
23,37,21.75,31.61
23,36,20.25,32.47
23,35,18.75,33.34
23,34,17.25,34.21
23,33,15.75,35.07
23,32,14.25,35.94
23,31,12.75,36.80
23,30,11.25,37.67
23,29,9.75,38.54
23,28,8.25,39.40
23,27,6.75,40.27
23,26,5.25,41.13
23,25,3.75,42.00
23,24,2.25,42.87
23,23,0.75,43.73
23,22,-0.75,44.60
23,21,-2.25,45.47
23,20,-3.75,46.33
23,19,-5.25,47.20
23,18,-6.75,48.06
23,17,-8.25,48.93
23,16,-9.75,49.80
23,15,-11.25,50.66
23,14,-12.75,51.53
23,13,-14.25,52.39
23,12,-15.75,53.26
23,11,-17.25,54.13
23,10,-18.75,54.99
23,9,-20.25,55.86
23,8,-21.75,56.72
23,7,-23.25,57.59
23,6,-24.75,58.46
23,5,-26.25,59.32
23,4,-27.75,60.19
23,3,-29.25,61.05
23,2,-30.75,61.92
23,1,-32.25,62.79
23,0,-33.75,63.65
24,53,44.25,20.35
24,52,42.75,21.22
24,51,41.25,22.08
24,50,39.75,22.95
24,49,38.25,23.81
24,48,36.75,24.68
24,47,35.25,25.55
24,46,33.75,26.41
24,45,32.25,27.28
24,44,30.75,28.14
24,43,29.25,29.01
24,42,27.75,29.88
24,41,26.25,30.74
24,40,24.75,31.61
24,39,23.25,32.47
24,38,21.75,33.34
24,37,20.25,34.21
24,36,18.75,35.07
24,35,17.25,35.94
24,34,15.75,36.80
24,33,14.25,37.67
24,32,12.75,38.54
24,31,11.25,39.40
24,30,9.75,40.27
24,29,8.25,41.13
24,28,6.75,42.00
24,27,5.25,42.87
24,26,3.75,43.73
24,25,2.25,44.60
24,24,0.75,45.46
24,23,-0.75,46.33
24,22,-2.25,47.20
24,21,-3.75,48.06
24,20,-5.25,48.93
24,19,-6.75,49.80
24,18,-8.25,50.66
24,17,-9.75,51.53
24,16,-11.25,52.39
24,15,-12.75,53.26
24,14,-14.25,54.13
24,13,-15.75,54.99
24,12,-17.25,55.86
24,11,-18.75,56.72
24,10,-20.25,57.59
24,9,-21.75,58.46
24,8,-23.25,59.32
24,7,-24.75,60.19
24,6,-26.25,61.05
24,5,-27.75,61.92
24,4,-29.25,62.79
24,3,-30.75,63.65
24,2,-32.25,64.52
24,1,-33.75,65.38
24,0,-35.25,66.25
25,55,45.75,21.22
25,54,44.25,22.08
25,53,42.75,22.95
25,52,41.25,23.81
25,51,39.75,24.68
25,50,38.25,25.55
25,49,36.75,26.41
25,48,35.25,27.28
25,47,33.75,28.14
25,46,32.25,29.01
25,45,30.75,29.88
25,44,29.25,30.74
25,43,27.75,31.61
25,42,26.25,32.47
25,41,24.75,33.34
25,40,23.25,34.21
25,39,21.75,35.07
25,38,20.25,35.94
25,37,18.75,36.80
25,36,17.25,37.67
25,35,15.75,38.54
25,34,14.25,39.40
25,33,12.75,40.27
25,32,11.25,41.13
25,31,9.75,42.00
25,30,8.25,42.87
25,29,6.75,43.73
25,28,5.25,44.60
25,27,3.75,45.46
25,26,2.25,46.33
25,25,0.75,47.20
25,24,-0.75,48.06
25,23,-2.25,48.93
25,22,-3.75,49.80
25,21,-5.25,50.66
25,20,-6.75,51.53
25,19,-8.25,52.39
25,18,-9.75,53.26
25,17,-11.25,54.13
25,16,-12.75,54.99
25,15,-14.25,55.86
25,14,-15.75,56.72
25,13,-17.25,57.59
25,12,-18.75,58.46
25,11,-20.25,59.32
25,10,-21.75,60.19
25,9,-23.25,61.05
25,8,-24.75,61.92
25,7,-26.25,62.79
25,6,-27.75,63.65
25,5,-29.25,64.52
25,4,-30.75,65.38
25,3,-32.25,66.25
25,2,-33.75,67.12
25,1,-35.25,67.98
25,0,-36.75,68.85
26,57,47.25,22.08
26,56,45.75,22.95
26,55,44.25,23.81
26,54,42.75,24.68
26,53,41.25,25.55
26,52,39.75,26.41
26,51,38.25,27.28
26,50,36.75,28.14
26,49,35.25,29.01
26,48,33.75,29.88
26,47,32.25,30.74
26,46,30.75,31.61
26,45,29.25,32.47
26,44,27.75,33.34
26,43,26.25,34.21
26,42,24.75,35.07
26,41,23.25,35.94
26,40,21.75,36.80
26,39,20.25,37.67
26,38,18.75,38.54
26,37,17.25,39.40
26,36,15.75,40.27
26,35,14.25,41.13
26,34,12.75,42.00
26,33,11.25,42.87
26,32,9.75,43.73
26,31,8.25,44.60
26,30,6.75,45.46
26,29,5.25,46.33
26,28,3.75,47.20
26,27,2.25,48.06
26,26,0.75,48.93
26,25,-0.75,49.80
26,24,-2.25,50.66
26,23,-3.75,51.53
26,22,-5.25,52.39
26,21,-6.75,53.26
26,20,-8.25,54.13
26,19,-9.75,54.99
26,18,-11.25,55.86
26,17,-12.75,56.72
26,16,-14.25,57.59
26,15,-15.75,58.46
26,14,-17.25,59.32
26,13,-18.75,60.19
26,12,-20.25,61.05
26,11,-21.75,61.92
26,10,-23.25,62.79
26,9,-24.75,63.65
26,8,-26.25,64.52
26,7,-27.75,65.38
26,6,-29.25,66.25
26,5,-30.75,67.12
26,4,-32.25,67.98
26,3,-33.75,68.85
26,2,-35.25,69.71
26,1,-36.75,70.58
26,0,-38.25,71.45
27,59,48.75,22.95
27,58,47.25,23.81
27,57,45.75,24.68
27,56,44.25,25.55
27,55,42.75,26.41
27,54,41.25,27.28
27,53,39.75,28.14
27,52,38.25,29.01
27,51,36.75,29.88
27,50,35.25,30.74
27,49,33.75,31.61
27,48,32.25,32.47
27,47,30.75,33.34
27,46,29.25,34.21
27,45,27.75,35.07
27,44,26.25,35.94
27,43,24.75,36.80
27,42,23.25,37.67
27,41,21.75,38.54
27,40,20.25,39.40
27,39,18.75,40.27
27,38,17.25,41.13
27,37,15.75,42.00
27,36,14.25,42.87
27,35,12.75,43.73
27,34,11.25,44.60
27,33,9.75,45.46
27,32,8.25,46.33
27,31,6.75,47.20
27,30,5.25,48.06
27,29,3.75,48.93
27,28,2.25,49.79
27,27,0.75,50.66
27,26,-0.75,51.53
27,25,-2.25,52.39
27,24,-3.75,53.26
27,23,-5.25,54.13
27,22,-6.75,54.99
27,21,-8.25,55.86
27,20,-9.75,56.72
27,19,-11.25,57.59
27,18,-12.75,58.46
27,17,-14.25,59.32
27,16,-15.75,60.19
27,15,-17.25,61.05
27,14,-18.75,61.92
27,13,-20.25,62.79
27,12,-21.75,63.65
27,11,-23.25,64.52
27,10,-24.75,65.38
27,9,-26.25,66.25
27,8,-27.75,67.12
27,7,-29.25,67.98
27,6,-30.75,68.85
27,5,-32.25,69.71
27,4,-33.75,70.58
27,3,-35.25,71.45
27,2,-36.75,72.31
27,1,-38.25,73.18
27,0,-39.75,74.04
28,61,50.25,23.81
28,60,48.75,24.68
28,59,47.25,25.55
28,58,45.75,26.41
28,57,44.25,27.28
28,56,42.75,28.14
28,55,41.25,29.01
28,54,39.75,29.88
28,53,38.25,30.74
28,52,36.75,31.61
28,51,35.25,32.47
28,50,33.75,33.34
28,49,32.25,34.21
28,48,30.75,35.07
28,47,29.25,35.94
28,46,27.75,36.80
28,45,26.25,37.67
28,44,24.75,38.54
28,43,23.25,39.40
28,42,21.75,40.27
28,41,20.25,41.13
28,40,18.75,42.00
28,39,17.25,42.87
28,38,15.75,43.73
28,37,14.25,44.60
28,36,12.75,45.46
28,35,11.25,46.33
28,34,9.75,47.20
28,33,8.25,48.06
28,32,6.75,48.93
28,31,5.25,49.79
28,30,3.75,50.66
28,29,2.25,51.53
28,28,0.75,52.39
28,27,-0.75,53.26
28,26,-2.25,54.13
28,25,-3.75,54.99
28,24,-5.25,55.86
28,23,-6.75,56.72
28,22,-8.25,57.59
28,21,-9.75,58.46
28,20,-11.25,59.32
28,19,-12.75,60.19
28,18,-14.25,61.05
28,17,-15.75,61.92
28,16,-17.25,62.79
28,15,-18.75,63.65
28,14,-20.25,64.52
28,13,-21.75,65.38
28,12,-23.25,66.25
28,11,-24.75,67.12
28,10,-26.25,67.98
28,9,-27.75,68.85
28,8,-29.25,69.71
28,7,-30.75,70.58
28,6,-32.25,71.45
28,5,-33.75,72.31
28,4,-35.25,73.18
28,3,-36.75,74.04
28,2,-38.25,74.91
28,1,-39.75,75.78
28,0,-41.25,76.64
29,63,51.75,24.68
29,62,50.25,25.55
29,61,48.75,26.41
29,60,47.25,27.28
29,59,45.75,28.14
29,58,44.25,29.01
29,57,42.75,29.88
29,56,41.25,30.74
29,55,39.75,31.61
29,54,38.25,32.47
29,53,36.75,33.34
29,52,35.25,34.21
29,51,33.75,35.07
29,50,32.25,35.94
29,49,30.75,36.80
29,48,29.25,37.67
29,47,27.75,38.54
29,46,26.25,39.40
29,45,24.75,40.27
29,44,23.25,41.13
29,43,21.75,42.00
29,42,20.25,42.87
29,41,18.75,43.73
29,40,17.25,44.60
29,39,15.75,45.46
29,38,14.25,46.33
29,37,12.75,47.20
29,36,11.25,48.06
29,35,9.75,48.93
29,34,8.25,49.79
29,33,6.75,50.66
29,32,5.25,51.53
29,31,3.75,52.39
29,30,2.25,53.26
29,29,0.75,54.12
29,28,-0.75,54.99
29,27,-2.25,55.86
29,26,-3.75,56.72
29,25,-5.25,57.59
29,24,-6.75,58.46
29,23,-8.25,59.32
29,22,-9.75,60.19
29,21,-11.25,61.05
29,20,-12.75,61.92
29,19,-14.25,62.79
29,18,-15.75,63.65
29,17,-17.25,64.52
29,16,-18.75,65.38
29,15,-20.25,66.25
29,14,-21.75,67.12
29,13,-23.25,67.98
29,12,-24.75,68.85
29,11,-26.25,69.71
29,10,-27.75,70.58
29,9,-29.25,71.45
29,8,-30.75,72.31
29,7,-32.25,73.18
29,6,-33.75,74.04
29,5,-35.25,74.91
29,4,-36.75,75.78
29,3,-38.25,76.64
29,2,-39.75,77.51
29,1,-41.25,78.37
29,0,-42.75,79.24
30,65,53.25,25.55
30,64,51.75,26.41
30,63,50.25,27.28
30,62,48.75,28.14
30,61,47.25,29.01
30,60,45.75,29.88
30,59,44.25,30.74
30,58,42.75,31.61
30,57,41.25,32.47
30,56,39.75,33.34
30,55,38.25,34.21
30,54,36.75,35.07
30,53,35.25,35.94
30,52,33.75,36.80
30,51,32.25,37.67
30,50,30.75,38.54
30,49,29.25,39.40
30,48,27.75,40.27
30,47,26.25,41.13
30,46,24.75,42.00
30,45,23.25,42.87
30,44,21.75,43.73
30,43,20.25,44.60
30,42,18.75,45.46
30,41,17.25,46.33
30,40,15.75,47.20
30,39,14.25,48.06
30,38,12.75,48.93
30,37,11.25,49.79
30,36,9.75,50.66
30,35,8.25,51.53
30,34,6.75,52.39
30,33,5.25,53.26
30,32,3.75,54.12
30,31,2.25,54.99
30,30,0.75,55.86
30,29,-0.75,56.72
30,28,-2.25,57.59
30,27,-3.75,58.46
30,26,-5.25,59.32
30,25,-6.75,60.19
30,24,-8.25,61.05
30,23,-9.75,61.92
30,22,-11.25,62.79
30,21,-12.75,63.65
30,20,-14.25,64.52
30,19,-15.75,65.38
30,18,-17.25,66.25
30,17,-18.75,67.12
30,16,-20.25,67.98
30,15,-21.75,68.85
30,14,-23.25,69.71
30,13,-24.75,70.58
30,12,-26.25,71.45
30,11,-27.75,72.31
30,10,-29.25,73.18
30,9,-30.75,74.04
30,8,-32.25,74.91
30,7,-33.75,75.78
30,6,-35.25,76.64
30,5,-36.75,77.51
30,4,-38.25,78.37
30,3,-39.75,79.24
30,2,-41.25,80.11
30,1,-42.75,80.97
30,0,-44.25,81.84
31,66,54.75,26.41
31,65,53.25,27.28
31,64,51.75,28.14
31,63,50.25,29.01
31,62,48.75,29.88
31,61,47.25,30.74
31,60,45.75,31.61
31,59,44.25,32.47
31,58,42.75,33.34
31,57,41.25,34.21
31,56,39.75,35.07
31,55,38.25,35.94
31,54,36.75,36.80
31,53,35.25,37.67
31,52,33.75,38.54
31,51,32.25,39.40
31,50,30.75,40.27
31,49,29.25,41.13
31,48,27.75,42.00
31,47,26.25,42.87
31,46,24.75,43.73
31,45,23.25,44.60
31,44,21.75,45.46
31,43,20.25,46.33
31,42,18.75,47.20
31,41,17.25,48.06
31,40,15.75,48.93
31,39,14.25,49.79
31,38,12.75,50.66
31,37,11.25,51.53
31,36,9.75,52.39
31,35,8.25,53.26
31,34,6.75,54.12
31,33,5.25,54.99
31,32,3.75,55.86
31,31,2.25,56.72
31,30,0.75,57.59
31,29,-0.75,58.46
31,28,-2.25,59.32
31,27,-3.75,60.19
31,26,-5.25,61.05
31,25,-6.75,61.92
31,24,-8.25,62.79
31,23,-9.75,63.65
31,22,-11.25,64.52
31,21,-12.75,65.38
31,20,-14.25,66.25
31,19,-15.75,67.12
31,18,-17.25,67.98
31,17,-18.75,68.85
31,16,-20.25,69.71
31,15,-21.75,70.58
31,14,-23.25,71.45
31,13,-24.75,72.31
31,12,-26.25,73.18
31,11,-27.75,74.04
31,10,-29.25,74.91
31,9,-30.75,75.78
31,8,-32.25,76.64
31,7,-33.75,77.51
31,6,-35.25,78.37
31,5,-36.75,79.24
31,4,-38.25,80.11
31,3,-39.75,80.97
31,2,-41.25,81.84
31,1,-42.75,82.70
31,0,-44.25,83.57
32,67,56.25,27.28
32,66,54.75,28.14
32,65,53.25,29.01
32,64,51.75,29.88
32,63,50.25,30.74
32,62,48.75,31.61
32,61,47.25,32.47
32,60,45.75,33.34
32,59,44.25,34.21
32,58,42.75,35.07
32,57,41.25,35.94
32,56,39.75,36.80
32,55,38.25,37.67
32,54,36.75,38.54
32,53,35.25,39.40
32,52,33.75,40.27
32,51,32.25,41.13
32,50,30.75,42.00
32,49,29.25,42.87
32,48,27.75,43.73
32,47,26.25,44.60
32,46,24.75,45.46
32,45,23.25,46.33
32,44,21.75,47.20
32,43,20.25,48.06
32,42,18.75,48.93
32,41,17.25,49.79
32,40,15.75,50.66
32,39,14.25,51.53
32,38,12.75,52.39
32,37,11.25,53.26
32,36,9.75,54.12
32,35,8.25,54.99
32,34,6.75,55.86
32,33,5.25,56.72
32,32,3.75,57.59
32,31,2.25,58.45
32,30,0.75,59.32
32,29,-0.75,60.19
32,28,-2.25,61.05
32,27,-3.75,61.92
32,26,-5.25,62.79
32,25,-6.75,63.65
32,24,-8.25,64.52
32,23,-9.75,65.38
32,22,-11.25,66.25
32,21,-12.75,67.12
32,20,-14.25,67.98
32,19,-15.75,68.85
32,18,-17.25,69.71
32,17,-18.75,70.58
32,16,-20.25,71.45
32,15,-21.75,72.31
32,14,-23.25,73.18
32,13,-24.75,74.04
32,12,-26.25,74.91
32,11,-27.75,75.78
32,10,-29.25,76.64
32,9,-30.75,77.51
32,8,-32.25,78.37
32,7,-33.75,79.24
32,6,-35.25,80.11
32,5,-36.75,80.97
32,4,-38.25,81.84
32,3,-39.75,82.70
32,2,-41.25,83.57
32,1,-42.75,84.44
32,0,-44.25,85.30
33,68,57.75,28.14
33,67,56.25,29.01
33,66,54.75,29.88
33,65,53.25,30.74
33,64,51.75,31.61
33,63,50.25,32.47
33,62,48.75,33.34
33,61,47.25,34.21
33,60,45.75,35.07
33,59,44.25,35.94
33,58,42.75,36.80
33,57,41.25,37.67
33,56,39.75,38.54
33,55,38.25,39.40
33,54,36.75,40.27
33,53,35.25,41.13
33,52,33.75,42.00
33,51,32.25,42.87
33,50,30.75,43.73
33,49,29.25,44.60
33,48,27.75,45.46
33,47,26.25,46.33
33,46,24.75,47.20
33,45,23.25,48.06
33,44,21.75,48.93
33,43,20.25,49.79
33,42,18.75,50.66
33,41,17.25,51.53
33,40,15.75,52.39
33,39,14.25,53.26
33,38,12.75,54.12
33,37,11.25,54.99
33,36,9.75,55.86
33,35,8.25,56.72
33,34,6.75,57.59
33,33,5.25,58.45
33,32,3.75,59.32
33,31,2.25,60.19
33,30,0.75,61.05
33,29,-0.75,61.92
33,28,-2.25,62.79
33,27,-3.75,63.65
33,26,-5.25,64.52
33,25,-6.75,65.38
33,24,-8.25,66.25
33,23,-9.75,67.12
33,22,-11.25,67.98
33,21,-12.75,68.85
33,20,-14.25,69.71
33,19,-15.75,70.58
33,18,-17.25,71.45
33,17,-18.75,72.31
33,16,-20.25,73.18
33,15,-21.75,74.04
33,14,-23.25,74.91
33,13,-24.75,75.78
33,12,-26.25,76.64
33,11,-27.75,77.51
33,10,-29.25,78.37
33,9,-30.75,79.24
33,8,-32.25,80.11
33,7,-33.75,80.97
33,6,-35.25,81.84
33,5,-36.75,82.70
33,4,-38.25,83.57
33,3,-39.75,84.44
33,2,-41.25,85.30
33,1,-42.75,86.17
33,0,-44.25,87.03
34,69,59.25,29.01
34,68,57.75,29.88
34,67,56.25,30.74
34,66,54.75,31.61
34,65,53.25,32.47
34,64,51.75,33.34
34,63,50.25,34.21
34,62,48.75,35.07
34,61,47.25,35.94
34,60,45.75,36.80
34,59,44.25,37.67
34,58,42.75,38.54
34,57,41.25,39.40
34,56,39.75,40.27
34,55,38.25,41.13
34,54,36.75,42.00
34,53,35.25,42.87
34,52,33.75,43.73
34,51,32.25,44.60
34,50,30.75,45.46
34,49,29.25,46.33
34,48,27.75,47.20
34,47,26.25,48.06
34,46,24.75,48.93
34,45,23.25,49.79
34,44,21.75,50.66
34,43,20.25,51.53
34,42,18.75,52.39
34,41,17.25,53.26
34,40,15.75,54.12
34,39,14.25,54.99
34,38,12.75,55.86
34,37,11.25,56.72
34,36,9.75,57.59
34,35,8.25,58.45
34,34,6.75,59.32
34,33,5.25,60.19
34,32,3.75,61.05
34,31,2.25,61.92
34,30,0.75,62.78
34,29,-0.75,63.65
34,28,-2.25,64.52
34,27,-3.75,65.38
34,26,-5.25,66.25
34,25,-6.75,67.12
34,24,-8.25,67.98
34,23,-9.75,68.85
34,22,-11.25,69.71
34,21,-12.75,70.58
34,20,-14.25,71.45
34,19,-15.75,72.31
34,18,-17.25,73.18
34,17,-18.75,74.04
34,16,-20.25,74.91
34,15,-21.75,75.78
34,14,-23.25,76.64
34,13,-24.75,77.51
34,12,-26.25,78.37
34,11,-27.75,79.24
34,10,-29.25,80.11
34,9,-30.75,80.97
34,8,-32.25,81.84
34,7,-33.75,82.70
34,6,-35.25,83.57
34,5,-36.75,84.44
34,4,-38.25,85.30
34,3,-39.75,86.17
34,2,-41.25,87.03
34,1,-42.75,87.90
34,0,-44.25,88.77
35,70,60.75,29.88
35,69,59.25,30.74
35,68,57.75,31.61
35,67,56.25,32.47
35,66,54.75,33.34
35,65,53.25,34.21
35,64,51.75,35.07
35,63,50.25,35.94
35,62,48.75,36.80
35,61,47.25,37.67
35,60,45.75,38.54
35,59,44.25,39.40
35,58,42.75,40.27
35,57,41.25,41.13
35,56,39.75,42.00
35,55,38.25,42.87
35,54,36.75,43.73
35,53,35.25,44.60
35,52,33.75,45.46
35,51,32.25,46.33
35,50,30.75,47.20
35,49,29.25,48.06
35,48,27.75,48.93
35,47,26.25,49.79
35,46,24.75,50.66
35,45,23.25,51.53
35,44,21.75,52.39
35,43,20.25,53.26
35,42,18.75,54.12
35,41,17.25,54.99
35,40,15.75,55.86
35,39,14.25,56.72
35,38,12.75,57.59
35,37,11.25,58.45
35,36,9.75,59.32
35,35,8.25,60.19
35,34,6.75,61.05
35,33,5.25,61.92
35,32,3.75,62.78
35,31,2.25,63.65
35,30,0.75,64.52
35,29,-0.75,65.38
35,28,-2.25,66.25
35,27,-3.75,67.12
35,26,-5.25,67.98
35,25,-6.75,68.85
35,24,-8.25,69.71
35,23,-9.75,70.58
35,22,-11.25,71.45
35,21,-12.75,72.31
35,20,-14.25,73.18
35,19,-15.75,74.04
35,18,-17.25,74.91
35,17,-18.75,75.78
35,16,-20.25,76.64
35,15,-21.75,77.51
35,14,-23.25,78.37
35,13,-24.75,79.24
35,12,-26.25,80.11
35,11,-27.75,80.97
35,10,-29.25,81.84
35,9,-30.75,82.70
35,8,-32.25,83.57
35,7,-33.75,84.44
35,6,-35.25,85.30
35,5,-36.75,86.17
35,4,-38.25,87.03
35,3,-39.75,87.90
35,2,-41.25,88.77
35,1,-42.75,89.63
35,0,-44.25,90.50
36,70,62.25,30.74
36,69,60.75,31.61
36,68,59.25,32.47
36,67,57.75,33.34
36,66,56.25,34.21
36,65,54.75,35.07
36,64,53.25,35.94
36,63,51.75,36.80
36,62,50.25,37.67
36,61,48.75,38.54
36,60,47.25,39.40
36,59,45.75,40.27
36,58,44.25,41.13
36,57,42.75,42.00
36,56,41.25,42.87
36,55,39.75,43.73
36,54,38.25,44.60
36,53,36.75,45.46
36,52,35.25,46.33
36,51,33.75,47.20
36,50,32.25,48.06
36,49,30.75,48.93
36,48,29.25,49.79
36,47,27.75,50.66
36,46,26.25,51.53
36,45,24.75,52.39
36,44,23.25,53.26
36,43,21.75,54.12
36,42,20.25,54.99
36,41,18.75,55.86
36,40,17.25,56.72
36,39,15.75,57.59
36,38,14.25,58.45
36,37,12.75,59.32
36,36,11.25,60.19
36,35,9.75,61.05
36,34,8.25,61.92
36,33,6.75,62.78
36,32,5.25,63.65
36,31,3.75,64.52
36,30,2.25,65.38
36,29,0.75,66.25
36,28,-0.75,67.12
36,27,-2.25,67.98
36,26,-3.75,68.85
36,25,-5.25,69.71
36,24,-6.75,70.58
36,23,-8.25,71.45
36,22,-9.75,72.31
36,21,-11.25,73.18
36,20,-12.75,74.04
36,19,-14.25,74.91
36,18,-15.75,75.78
36,17,-17.25,76.64
36,16,-18.75,77.51
36,15,-20.25,78.37
36,14,-21.75,79.24
36,13,-23.25,80.11
36,12,-24.75,80.97
36,11,-26.25,81.84
36,10,-27.75,82.70
36,9,-29.25,83.57
36,8,-30.75,84.44
36,7,-32.25,85.30
36,6,-33.75,86.17
36,5,-35.25,87.03
36,4,-36.75,87.90
36,3,-38.25,88.77
36,2,-39.75,89.63
36,1,-41.25,90.50
36,0,-42.75,91.36
37,70,63.75,31.61
37,69,62.25,32.47
37,68,60.75,33.34
37,67,59.25,34.21
37,66,57.75,35.07
37,65,56.25,35.94
37,64,54.75,36.80
37,63,53.25,37.67
37,62,51.75,38.54
37,61,50.25,39.40
37,60,48.75,40.27
37,59,47.25,41.13
37,58,45.75,42.00
37,57,44.25,42.87
37,56,42.75,43.73
37,55,41.25,44.60
37,54,39.75,45.46
37,53,38.25,46.33
37,52,36.75,47.20
37,51,35.25,48.06
37,50,33.75,48.93
37,49,32.25,49.79
37,48,30.75,50.66
37,47,29.25,51.53
37,46,27.75,52.39
37,45,26.25,53.26
37,44,24.75,54.12
37,43,23.25,54.99
37,42,21.75,55.86
37,41,20.25,56.72
37,40,18.75,57.59
37,39,17.25,58.45
37,38,15.75,59.32
37,37,14.25,60.19
37,36,12.75,61.05
37,35,11.25,61.92
37,34,9.75,62.78
37,33,8.25,63.65
37,32,6.75,64.52
37,31,5.25,65.38
37,30,3.75,66.25
37,29,2.25,67.11
37,28,0.75,67.98
37,27,-0.75,68.85
37,26,-2.25,69.71
37,25,-3.75,70.58
37,24,-5.25,71.45
37,23,-6.75,72.31
37,22,-8.25,73.18
37,21,-9.75,74.04
37,20,-11.25,74.91
37,19,-12.75,75.78
37,18,-14.25,76.64
37,17,-15.75,77.51
37,16,-17.25,78.37
37,15,-18.75,79.24
37,14,-20.25,80.11
37,13,-21.75,80.97
37,12,-23.25,81.84
37,11,-24.75,82.70
37,10,-26.25,83.57
37,9,-27.75,84.44
37,8,-29.25,85.30
37,7,-30.75,86.17
37,6,-32.25,87.03
37,5,-33.75,87.90
37,4,-35.25,88.77
37,3,-36.75,89.63
37,2,-38.25,90.50
37,1,-39.75,91.36
37,0,-41.25,92.23
38,70,65.25,32.47
38,69,63.75,33.34
38,68,62.25,34.21
38,67,60.75,35.07
38,66,59.25,35.94
38,65,57.75,36.80
38,64,56.25,37.67
38,63,54.75,38.54
38,62,53.25,39.40
38,61,51.75,40.27
38,60,50.25,41.13
38,59,48.75,42.00
38,58,47.25,42.87
38,57,45.75,43.73
38,56,44.25,44.60
38,55,42.75,45.46
38,54,41.25,46.33
38,53,39.75,47.20
38,52,38.25,48.06
38,51,36.75,48.93
38,50,35.25,49.79
38,49,33.75,50.66
38,48,32.25,51.53
38,47,30.75,52.39
38,46,29.25,53.26
38,45,27.75,54.12
38,44,26.25,54.99
38,43,24.75,55.86
38,42,23.25,56.72
38,41,21.75,57.59
38,40,20.25,58.45
38,39,18.75,59.32
38,38,17.25,60.19
38,37,15.75,61.05
38,36,14.25,61.92
38,35,12.75,62.78
38,34,11.25,63.65
38,33,9.75,64.52
38,32,8.25,65.38
38,31,6.75,66.25
38,30,5.25,67.11
38,29,3.75,67.98
38,28,2.25,68.85
38,27,0.75,69.71
38,26,-0.75,70.58
38,25,-2.25,71.45
38,24,-3.75,72.31
38,23,-5.25,73.18
38,22,-6.75,74.04
38,21,-8.25,74.91
38,20,-9.75,75.78
38,19,-11.25,76.64
38,18,-12.75,77.51
38,17,-14.25,78.37
38,16,-15.75,79.24
38,15,-17.25,80.11
38,14,-18.75,80.97
38,13,-20.25,81.84
38,12,-21.75,82.70
38,11,-23.25,83.57
38,10,-24.75,84.44
38,9,-26.25,85.30
38,8,-27.75,86.17
38,7,-29.25,87.03
38,6,-30.75,87.90
38,5,-32.25,88.77
38,4,-33.75,89.63
38,3,-35.25,90.50
38,2,-36.75,91.36
38,1,-38.25,92.23
38,0,-39.75,93.10
39,70,66.75,33.34
39,69,65.25,34.21
39,68,63.75,35.07
39,67,62.25,35.94
39,66,60.75,36.80
39,65,59.25,37.67
39,64,57.75,38.54
39,63,56.25,39.40
39,62,54.75,40.27
39,61,53.25,41.13
39,60,51.75,42.00
39,59,50.25,42.87
39,58,48.75,43.73
39,57,47.25,44.60
39,56,45.75,45.46
39,55,44.25,46.33
39,54,42.75,47.20
39,53,41.25,48.06
39,52,39.75,48.93
39,51,38.25,49.79
39,50,36.75,50.66
39,49,35.25,51.53
39,48,33.75,52.39
39,47,32.25,53.26
39,46,30.75,54.12
39,45,29.25,54.99
39,44,27.75,55.86
39,43,26.25,56.72
39,42,24.75,57.59
39,41,23.25,58.45
39,40,21.75,59.32
39,39,20.25,60.19
39,38,18.75,61.05
39,37,17.25,61.92
39,36,15.75,62.78
39,35,14.25,63.65
39,34,12.75,64.52
39,33,11.25,65.38
39,32,9.75,66.25
39,31,8.25,67.11
39,30,6.75,67.98
39,29,5.25,68.85
39,28,3.75,69.71
39,27,2.25,70.58
39,26,0.75,71.44
39,25,-0.75,72.31
39,24,-2.25,73.18
39,23,-3.75,74.04
39,22,-5.25,74.91
39,21,-6.75,75.78
39,20,-8.25,76.64
39,19,-9.75,77.51
39,18,-11.25,78.37
39,17,-12.75,79.24
39,16,-14.25,80.11
39,15,-15.75,80.97
39,14,-17.25,81.84
39,13,-18.75,82.70
39,12,-20.25,83.57
39,11,-21.75,84.44
39,10,-23.25,85.30
39,9,-24.75,86.17
39,8,-26.25,87.03
39,7,-27.75,87.90
39,6,-29.25,88.77
39,5,-30.75,89.63
39,4,-32.25,90.50
39,3,-33.75,91.36
39,2,-35.25,92.23
39,1,-36.75,93.10
39,0,-38.25,93.96
40,70,68.25,34.21
40,69,66.75,35.07
40,68,65.25,35.94
40,67,63.75,36.80
40,66,62.25,37.67
40,65,60.75,38.54
40,64,59.25,39.40
40,63,57.75,40.27
40,62,56.25,41.13
40,61,54.75,42.00
40,60,53.25,42.87
40,59,51.75,43.73
40,58,50.25,44.60
40,57,48.75,45.46
40,56,47.25,46.33
40,55,45.75,47.20
40,54,44.25,48.06
40,53,42.75,48.93
40,52,41.25,49.79
40,51,39.75,50.66
40,50,38.25,51.53
40,49,36.75,52.39
40,48,35.25,53.26
40,47,33.75,54.12
40,46,32.25,54.99
40,45,30.75,55.86
40,44,29.25,56.72
40,43,27.75,57.59
40,42,26.25,58.45
40,41,24.75,59.32
40,40,23.25,60.19
40,39,21.75,61.05
40,38,20.25,61.92
40,37,18.75,62.78
40,36,17.25,63.65
40,35,15.75,64.52
40,34,14.25,65.38
40,33,12.75,66.25
40,32,11.25,67.11
40,31,9.75,67.98
40,30,8.25,68.85
40,29,6.75,69.71
40,28,5.25,70.58
40,27,3.75,71.44
40,26,2.25,72.31
40,25,0.75,73.18
40,24,-0.75,74.04
40,23,-2.25,74.91
40,22,-3.75,75.78
40,21,-5.25,76.64
40,20,-6.75,77.51
40,19,-8.25,78.37
40,18,-9.75,79.24
40,17,-11.25,80.11
40,16,-12.75,80.97
40,15,-14.25,81.84
40,14,-15.75,82.70
40,13,-17.25,83.57
40,12,-18.75,84.44
40,11,-20.25,85.30
40,10,-21.75,86.17
40,9,-23.25,87.03
40,8,-24.75,87.90
40,7,-26.25,88.77
40,6,-27.75,89.63
40,5,-29.25,90.50
40,4,-30.75,91.36
40,3,-32.25,92.23
40,2,-33.75,93.10
40,1,-35.25,93.96
40,0,-36.75,94.83
41,70,69.75,35.07
41,69,68.25,35.94
41,68,66.75,36.80
41,67,65.25,37.67
41,66,63.75,38.54
41,65,62.25,39.40
41,64,60.75,40.27
41,63,59.25,41.13
41,62,57.75,42.00
41,61,56.25,42.87
41,60,54.75,43.73
41,59,53.25,44.60
41,58,51.75,45.46
41,57,50.25,46.33
41,56,48.75,47.20
41,55,47.25,48.06
41,54,45.75,48.93
41,53,44.25,49.79
41,52,42.75,50.66
41,51,41.25,51.53
41,50,39.75,52.39
41,49,38.25,53.26
41,48,36.75,54.12
41,47,35.25,54.99
41,46,33.75,55.86
41,45,32.25,56.72
41,44,30.75,57.59
41,43,29.25,58.45
41,42,27.75,59.32
41,41,26.25,60.19
41,40,24.75,61.05
41,39,23.25,61.92
41,38,21.75,62.78
41,37,20.25,63.65
41,36,18.75,64.52
41,35,17.25,65.38
41,34,15.75,66.25
41,33,14.25,67.11
41,32,12.75,67.98
41,31,11.25,68.85
41,30,9.75,69.71
41,29,8.25,70.58
41,28,6.75,71.44
41,27,5.25,72.31
41,26,3.75,73.18
41,25,2.25,74.04
41,24,0.75,74.91
41,23,-0.75,75.78
41,22,-2.25,76.64
41,21,-3.75,77.51
41,20,-5.25,78.37
41,19,-6.75,79.24
41,18,-8.25,80.11
41,17,-9.75,80.97
41,16,-11.25,81.84
41,15,-12.75,82.70
41,14,-14.25,83.57
41,13,-15.75,84.44
41,12,-17.25,85.30
41,11,-18.75,86.17
41,10,-20.25,87.03
41,9,-21.75,87.90
41,8,-23.25,88.77
41,7,-24.75,89.63
41,6,-26.25,90.50
41,5,-27.75,91.36
41,4,-29.25,92.23
41,3,-30.75,93.10
41,2,-32.25,93.96
41,1,-33.75,94.83
41,0,-35.25,95.69
42,70,71.25,35.94
42,69,69.75,36.80
42,68,68.25,37.67
42,67,66.75,38.54
42,66,65.25,39.40
42,65,63.75,40.27
42,64,62.25,41.13
42,63,60.75,42.00
42,62,59.25,42.87
42,61,57.75,43.73
42,60,56.25,44.60
42,59,54.75,45.46
42,58,53.25,46.33
42,57,51.75,47.20
42,56,50.25,48.06
42,55,48.75,48.93
42,54,47.25,49.79
42,53,45.75,50.66
42,52,44.25,51.53
42,51,42.75,52.39
42,50,41.25,53.26
42,49,39.75,54.12
42,48,38.25,54.99
42,47,36.75,55.86
42,46,35.25,56.72
42,45,33.75,57.59
42,44,32.25,58.45
42,43,30.75,59.32
42,42,29.25,60.19
42,41,27.75,61.05
42,40,26.25,61.92
42,39,24.75,62.78
42,38,23.25,63.65
42,37,21.75,64.52
42,36,20.25,65.38
42,35,18.75,66.25
42,34,17.25,67.11
42,33,15.75,67.98
42,32,14.25,68.85
42,31,12.75,69.71
42,30,11.25,70.58
42,29,9.75,71.44
42,28,8.25,72.31
42,27,6.75,73.18
42,26,5.25,74.04
42,25,3.75,74.91
42,24,2.25,75.77
42,23,0.75,76.64
42,22,-0.75,77.51
42,21,-2.25,78.37
42,20,-3.75,79.24
42,19,-5.25,80.11
42,18,-6.75,80.97
42,17,-8.25,81.84
42,16,-9.75,82.70
42,15,-11.25,83.57
42,14,-12.75,84.44
42,13,-14.25,85.30
42,12,-15.75,86.17
42,11,-17.25,87.03
42,10,-18.75,87.90
42,9,-20.25,88.77
42,8,-21.75,89.63
42,7,-23.25,90.50
42,6,-24.75,91.36
42,5,-26.25,92.23
42,4,-27.75,93.10
42,3,-29.25,93.96
42,2,-30.75,94.83
42,1,-32.25,95.69
42,0,-33.75,96.56
43,70,72.75,36.80
43,69,71.25,37.67
43,68,69.75,38.54
43,67,68.25,39.40
43,66,66.75,40.27
43,65,65.25,41.13
43,64,63.75,42.00
43,63,62.25,42.87
43,62,60.75,43.73
43,61,59.25,44.60
43,60,57.75,45.46
43,59,56.25,46.33
43,58,54.75,47.20
43,57,53.25,48.06
43,56,51.75,48.93
43,55,50.25,49.79
43,54,48.75,50.66
43,53,47.25,51.53
43,52,45.75,52.39
43,51,44.25,53.26
43,50,42.75,54.12
43,49,41.25,54.99
43,48,39.75,55.86
43,47,38.25,56.72
43,46,36.75,57.59
43,45,35.25,58.45
43,44,33.75,59.32
43,43,32.25,60.19
43,42,30.75,61.05
43,41,29.25,61.92
43,40,27.75,62.78
43,39,26.25,63.65
43,38,24.75,64.52
43,37,23.25,65.38
43,36,21.75,66.25
43,35,20.25,67.11
43,34,18.75,67.98
43,33,17.25,68.85
43,32,15.75,69.71
43,31,14.25,70.58
43,30,12.75,71.44
43,29,11.25,72.31
43,28,9.75,73.18
43,27,8.25,74.04
43,26,6.75,74.91
43,25,5.25,75.77
43,24,3.75,76.64
43,23,2.25,77.51
43,22,0.75,78.37
43,21,-0.75,79.24
43,20,-2.25,80.11
43,19,-3.75,80.97
43,18,-5.25,81.84
43,17,-6.75,82.70
43,16,-8.25,83.57
43,15,-9.75,84.44
43,14,-11.25,85.30
43,13,-12.75,86.17
43,12,-14.25,87.03
43,11,-15.75,87.90
43,10,-17.25,88.77
43,9,-18.75,89.63
43,8,-20.25,90.50
43,7,-21.75,91.36
43,6,-23.25,92.23
43,5,-24.75,93.10
43,4,-26.25,93.96
43,3,-27.75,94.83
43,2,-29.25,95.69
43,1,-30.75,96.56
43,0,-32.25,97.43
44,70,74.25,37.67
44,69,72.75,38.54
44,68,71.25,39.40
44,67,69.75,40.27
44,66,68.25,41.13
44,65,66.75,42.00
44,64,65.25,42.87
44,63,63.75,43.73
44,62,62.25,44.60
44,61,60.75,45.46
44,60,59.25,46.33
44,59,57.75,47.20
44,58,56.25,48.06
44,57,54.75,48.93
44,56,53.25,49.79
44,55,51.75,50.66
44,54,50.25,51.53
44,53,48.75,52.39
44,52,47.25,53.26
44,51,45.75,54.12
44,50,44.25,54.99
44,49,42.75,55.86
44,48,41.25,56.72
44,47,39.75,57.59
44,46,38.25,58.45
44,45,36.75,59.32
44,44,35.25,60.19
44,43,33.75,61.05
44,42,32.25,61.92
44,41,30.75,62.78
44,40,29.25,63.65
44,39,27.75,64.52
44,38,26.25,65.38
44,37,24.75,66.25
44,36,23.25,67.11
44,35,21.75,67.98
44,34,20.25,68.85
44,33,18.75,69.71
44,32,17.25,70.58
44,31,15.75,71.44
44,30,14.25,72.31
44,29,12.75,73.18
44,28,11.25,74.04
44,27,9.75,74.91
44,26,8.25,75.77
44,25,6.75,76.64
44,24,5.25,77.51
44,23,3.75,78.37
44,22,2.25,79.24
44,21,0.75,80.10
44,20,-0.75,80.97
44,19,-2.25,81.84
44,18,-3.75,82.70
44,17,-5.25,83.57
44,16,-6.75,84.44
44,15,-8.25,85.30
44,14,-9.75,86.17
44,13,-11.25,87.03
44,12,-12.75,87.90
44,11,-14.25,88.77
44,10,-15.75,89.63
44,9,-17.25,90.50
44,8,-18.75,91.36
44,7,-20.25,92.23
44,6,-21.75,93.10
44,5,-23.25,93.96
44,4,-24.75,94.83
44,3,-26.25,95.69
44,2,-27.75,96.56
44,1,-29.25,97.43
44,0,-30.75,98.29
45,70,75.75,38.54
45,69,74.25,39.40
45,68,72.75,40.27
45,67,71.25,41.13
45,66,69.75,42.00
45,65,68.25,42.87
45,64,66.75,43.73
45,63,65.25,44.60
45,62,63.75,45.46
45,61,62.25,46.33
45,60,60.75,47.20
45,59,59.25,48.06
45,58,57.75,48.93
45,57,56.25,49.79
45,56,54.75,50.66
45,55,53.25,51.53
45,54,51.75,52.39
45,53,50.25,53.26
45,52,48.75,54.12
45,51,47.25,54.99
45,50,45.75,55.86
45,49,44.25,56.72
45,48,42.75,57.59
45,47,41.25,58.45
45,46,39.75,59.32
45,45,38.25,60.19
45,44,36.75,61.05
45,43,35.25,61.92
45,42,33.75,62.78
45,41,32.25,63.65
45,40,30.75,64.52
45,39,29.25,65.38
45,38,27.75,66.25
45,37,26.25,67.11
45,36,24.75,67.98
45,35,23.25,68.85
45,34,21.75,69.71
45,33,20.25,70.58
45,32,18.75,71.44
45,31,17.25,72.31
45,30,15.75,73.18
45,29,14.25,74.04
45,28,12.75,74.91
45,27,11.25,75.77
45,26,9.75,76.64
45,25,8.25,77.51
45,24,6.75,78.37
45,23,5.25,79.24
45,22,3.75,80.10
45,21,2.25,80.97
45,20,0.75,81.84
45,19,-0.75,82.70
45,18,-2.25,83.57
45,17,-3.75,84.44
45,16,-5.25,85.30
45,15,-6.75,86.17
45,14,-8.25,87.03
45,13,-9.75,87.90
45,12,-11.25,88.77
45,11,-12.75,89.63
45,10,-14.25,90.50
45,9,-15.75,91.36
45,8,-17.25,92.23
45,7,-18.75,93.10
45,6,-20.25,93.96
45,5,-21.75,94.83
45,4,-23.25,95.69
45,3,-24.75,96.56
45,2,-26.25,97.43
45,1,-27.75,98.29
45,0,-29.25,99.16
46,70,77.25,39.40
46,69,75.75,40.27
46,68,74.25,41.13
46,67,72.75,42.00
46,66,71.25,42.87
46,65,69.75,43.73
46,64,68.25,44.60
46,63,66.75,45.46
46,62,65.25,46.33
46,61,63.75,47.20
46,60,62.25,48.06
46,59,60.75,48.93
46,58,59.25,49.79
46,57,57.75,50.66
46,56,56.25,51.53
46,55,54.75,52.39
46,54,53.25,53.26
46,53,51.75,54.12
46,52,50.25,54.99
46,51,48.75,55.86
46,50,47.25,56.72
46,49,45.75,57.59
46,48,44.25,58.45
46,47,42.75,59.32
46,46,41.25,60.19
46,45,39.75,61.05
46,44,38.25,61.92
46,43,36.75,62.78
46,42,35.25,63.65
46,41,33.75,64.52
46,40,32.25,65.38
46,39,30.75,66.25
46,38,29.25,67.11
46,37,27.75,67.98
46,36,26.25,68.85
46,35,24.75,69.71
46,34,23.25,70.58
46,33,21.75,71.44
46,32,20.25,72.31
46,31,18.75,73.18
46,30,17.25,74.04
46,29,15.75,74.91
46,28,14.25,75.77
46,27,12.75,76.64
46,26,11.25,77.51
46,25,9.75,78.37
46,24,8.25,79.24
46,23,6.75,80.10
46,22,5.25,80.97
46,21,3.75,81.84
46,20,2.25,82.70
46,19,0.75,83.57
46,18,-0.75,84.44
46,17,-2.25,85.30
46,16,-3.75,86.17
46,15,-5.25,87.03
46,14,-6.75,87.90
46,13,-8.25,88.77
46,12,-9.75,89.63
46,11,-11.25,90.50
46,10,-12.75,91.36
46,9,-14.25,92.23
46,8,-15.75,93.10
46,7,-17.25,93.96
46,6,-18.75,94.83
46,5,-20.25,95.69
46,4,-21.75,96.56
46,3,-23.25,97.43
46,2,-24.75,98.29
46,1,-26.25,99.16
46,0,-27.75,100.02
47,70,78.75,40.27
47,69,77.25,41.13
47,68,75.75,42.00
47,67,74.25,42.87
47,66,72.75,43.73
47,65,71.25,44.60
47,64,69.75,45.46
47,63,68.25,46.33
47,62,66.75,47.20
47,61,65.25,48.06
47,60,63.75,48.93
47,59,62.25,49.79
47,58,60.75,50.66
47,57,59.25,51.53
47,56,57.75,52.39
47,55,56.25,53.26
47,54,54.75,54.12
47,53,53.25,54.99
47,52,51.75,55.86
47,51,50.25,56.72
47,50,48.75,57.59
47,49,47.25,58.45
47,48,45.75,59.32
47,47,44.25,60.19
47,46,42.75,61.05
47,45,41.25,61.92
47,44,39.75,62.78
47,43,38.25,63.65
47,42,36.75,64.52
47,41,35.25,65.38
47,40,33.75,66.25
47,39,32.25,67.11
47,38,30.75,67.98
47,37,29.25,68.85
47,36,27.75,69.71
47,35,26.25,70.58
47,34,24.75,71.44
47,33,23.25,72.31
47,32,21.75,73.18
47,31,20.25,74.04
47,30,18.75,74.91
47,29,17.25,75.77
47,28,15.75,76.64
47,27,14.25,77.51
47,26,12.75,78.37
47,25,11.25,79.24
47,24,9.75,80.10
47,23,8.25,80.97
47,22,6.75,81.84
47,21,5.25,82.70
47,20,3.75,83.57
47,19,2.25,84.43
47,18,0.75,85.30
47,17,-0.75,86.17
47,16,-2.25,87.03
47,15,-3.75,87.90
47,14,-5.25,88.77
47,13,-6.75,89.63
47,12,-8.25,90.50
47,11,-9.75,91.36
47,10,-11.25,92.23
47,9,-12.75,93.10
47,8,-14.25,93.96
47,7,-15.75,94.83
47,6,-17.25,95.69
47,5,-18.75,96.56
47,4,-20.25,97.43
47,3,-21.75,98.29
47,2,-23.25,99.16
47,1,-24.75,100.02
47,0,-26.25,100.89
48,70,80.25,41.13
48,69,78.75,42.00
48,68,77.25,42.87
48,67,75.75,43.73
48,66,74.25,44.60
48,65,72.75,45.46
48,64,71.25,46.33
48,63,69.75,47.20
48,62,68.25,48.06
48,61,66.75,48.93
48,60,65.25,49.79
48,59,63.75,50.66
48,58,62.25,51.53
48,57,60.75,52.39
48,56,59.25,53.26
48,55,57.75,54.12
48,54,56.25,54.99
48,53,54.75,55.86
48,52,53.25,56.72
48,51,51.75,57.59
48,50,50.25,58.45
48,49,48.75,59.32
48,48,47.25,60.19
48,47,45.75,61.05
48,46,44.25,61.92
48,45,42.75,62.78
48,44,41.25,63.65
48,43,39.75,64.52
48,42,38.25,65.38
48,41,36.75,66.25
48,40,35.25,67.11
48,39,33.75,67.98
48,38,32.25,68.85
48,37,30.75,69.71
48,36,29.25,70.58
48,35,27.75,71.44
48,34,26.25,72.31
48,33,24.75,73.18
48,32,23.25,74.04
48,31,21.75,74.91
48,30,20.25,75.77
48,29,18.75,76.64
48,28,17.25,77.51
48,27,15.75,78.37
48,26,14.25,79.24
48,25,12.75,80.10
48,24,11.25,80.97
48,23,9.75,81.84
48,22,8.25,82.70
48,21,6.75,83.57
48,20,5.25,84.43
48,19,3.75,85.30
48,18,2.25,86.17
48,17,0.75,87.03
48,16,-0.75,87.90
48,15,-2.25,88.77
48,14,-3.75,89.63
48,13,-5.25,90.50
48,12,-6.75,91.36
48,11,-8.25,92.23
48,10,-9.75,93.10
48,9,-11.25,93.96
48,8,-12.75,94.83
48,7,-14.25,95.69
48,6,-15.75,96.56
48,5,-17.25,97.43
48,4,-18.75,98.29
48,3,-20.25,99.16
48,2,-21.75,100.02
48,1,-23.25,100.89
48,0,-24.75,101.76
49,70,81.75,42.00
49,69,80.25,42.87
49,68,78.75,43.73
49,67,77.25,44.60
49,66,75.75,45.46
49,65,74.25,46.33
49,64,72.75,47.20
49,63,71.25,48.06
49,62,69.75,48.93
49,61,68.25,49.79
49,60,66.75,50.66
49,59,65.25,51.53
49,58,63.75,52.39
49,57,62.25,53.26
49,56,60.75,54.12
49,55,59.25,54.99
49,54,57.75,55.86
49,53,56.25,56.72
49,52,54.75,57.59
49,51,53.25,58.45
49,50,51.75,59.32
49,49,50.25,60.19
49,48,48.75,61.05
49,47,47.25,61.92
49,46,45.75,62.78
49,45,44.25,63.65
49,44,42.75,64.52
49,43,41.25,65.38
49,42,39.75,66.25
49,41,38.25,67.11
49,40,36.75,67.98
49,39,35.25,68.85
49,38,33.75,69.71
49,37,32.25,70.58
49,36,30.75,71.44
49,35,29.25,72.31
49,34,27.75,73.18
49,33,26.25,74.04
49,32,24.75,74.91
49,31,23.25,75.77
49,30,21.75,76.64
49,29,20.25,77.51
49,28,18.75,78.37
49,27,17.25,79.24
49,26,15.75,80.10
49,25,14.25,80.97
49,24,12.75,81.84
49,23,11.25,82.70
49,22,9.75,83.57
49,21,8.25,84.43
49,20,6.75,85.30
49,19,5.25,86.17
49,18,3.75,87.03
49,17,2.25,87.90
49,16,0.75,88.76
49,15,-0.75,89.63
49,14,-2.25,90.50
49,13,-3.75,91.36
49,12,-5.25,92.23
49,11,-6.75,93.10
49,10,-8.25,93.96
49,9,-9.75,94.83
49,8,-11.25,95.69
49,7,-12.75,96.56
49,6,-14.25,97.43
49,5,-15.75,98.29
49,4,-17.25,99.16
49,3,-18.75,100.02
49,2,-20.25,100.89
49,1,-21.75,101.76
49,0,-23.25,102.62
50,70,83.25,42.87
50,69,81.75,43.73
50,68,80.25,44.60
50,67,78.75,45.46
50,66,77.25,46.33
50,65,75.75,47.20
50,64,74.25,48.06
50,63,72.75,48.93
50,62,71.25,49.79
50,61,69.75,50.66
50,60,68.25,51.53
50,59,66.75,52.39
50,58,65.25,53.26
50,57,63.75,54.12
50,56,62.25,54.99
50,55,60.75,55.86
50,54,59.25,56.72
50,53,57.75,57.59
50,52,56.25,58.45
50,51,54.75,59.32
50,50,53.25,60.19
50,49,51.75,61.05
50,48,50.25,61.92
50,47,48.75,62.78
50,46,47.25,63.65
50,45,45.75,64.52
50,44,44.25,65.38
50,43,42.75,66.25
50,42,41.25,67.11
50,41,39.75,67.98
50,40,38.25,68.85
50,39,36.75,69.71
50,38,35.25,70.58
50,37,33.75,71.44
50,36,32.25,72.31
50,35,30.75,73.18
50,34,29.25,74.04
50,33,27.75,74.91
50,32,26.25,75.77
50,31,24.75,76.64
50,30,23.25,77.51
50,29,21.75,78.37
50,28,20.25,79.24
50,27,18.75,80.10
50,26,17.25,80.97
50,25,15.75,81.84
50,24,14.25,82.70
50,23,12.75,83.57
50,22,11.25,84.43
50,21,9.75,85.30
50,20,8.25,86.17
50,19,6.75,87.03
50,18,5.25,87.90
50,17,3.75,88.76
50,16,2.25,89.63
50,15,0.75,90.50
50,14,-0.75,91.36
50,13,-2.25,92.23
50,12,-3.75,93.10
50,11,-5.25,93.96
50,10,-6.75,94.83
50,9,-8.25,95.69
50,8,-9.75,96.56
50,7,-11.25,97.43
50,6,-12.75,98.29
50,5,-14.25,99.16
50,4,-15.75,100.02
50,3,-17.25,100.89
50,2,-18.75,101.76
50,1,-20.25,102.62
50,0,-21.75,103.49
51,70,84.75,43.73
51,69,83.25,44.60
51,68,81.75,45.46
51,67,80.25,46.33
51,66,78.75,47.20
51,65,77.25,48.06
51,64,75.75,48.93
51,63,74.25,49.79
51,62,72.75,50.66
51,61,71.25,51.53
51,60,69.75,52.39
51,59,68.25,53.26
51,58,66.75,54.12
51,57,65.25,54.99
51,56,63.75,55.86
51,55,62.25,56.72
51,54,60.75,57.59
51,53,59.25,58.45
51,52,57.75,59.32
51,51,56.25,60.19
51,50,54.75,61.05
51,49,53.25,61.92
51,48,51.75,62.78
51,47,50.25,63.65
51,46,48.75,64.52
51,45,47.25,65.38
51,44,45.75,66.25
51,43,44.25,67.11
51,42,42.75,67.98
51,41,41.25,68.85
51,40,39.75,69.71
51,39,38.25,70.58
51,38,36.75,71.44
51,37,35.25,72.31
51,36,33.75,73.18
51,35,32.25,74.04
51,34,30.75,74.91
51,33,29.25,75.77
51,32,27.75,76.64
51,31,26.25,77.51
51,30,24.75,78.37
51,29,23.25,79.24
51,28,21.75,80.10
51,27,20.25,80.97
51,26,18.75,81.84
51,25,17.25,82.70
51,24,15.75,83.57
51,23,14.25,84.43
51,22,12.75,85.30
51,21,11.25,86.17
51,20,9.75,87.03
51,19,8.25,87.90
51,18,6.75,88.76
51,17,5.25,89.63
51,16,3.75,90.50
51,15,2.25,91.36
51,14,0.75,92.23
51,13,-0.75,93.10
51,12,-2.25,93.96
51,11,-3.75,94.83
51,10,-5.25,95.69
51,9,-6.75,96.56
51,8,-8.25,97.43
51,7,-9.75,98.29
51,6,-11.25,99.16
51,5,-12.75,100.02
51,4,-14.25,100.89
51,3,-15.75,101.76
51,2,-17.25,102.62
51,1,-18.75,103.49
51,0,-20.25,104.35
52,70,86.25,44.60
52,69,84.75,45.46
52,68,83.25,46.33
52,67,81.75,47.20
52,66,80.25,48.06
52,65,78.75,48.93
52,64,77.25,49.79
52,63,75.75,50.66
52,62,74.25,51.53
52,61,72.75,52.39
52,60,71.25,53.26
52,59,69.75,54.12
52,58,68.25,54.99
52,57,66.75,55.86
52,56,65.25,56.72
52,55,63.75,57.59
52,54,62.25,58.45
52,53,60.75,59.32
52,52,59.25,60.19
52,51,57.75,61.05
52,50,56.25,61.92
52,49,54.75,62.78
52,48,53.25,63.65
52,47,51.75,64.52
52,46,50.25,65.38
52,45,48.75,66.25
52,44,47.25,67.11
52,43,45.75,67.98
52,42,44.25,68.85
52,41,42.75,69.71
52,40,41.25,70.58
52,39,39.75,71.44
52,38,38.25,72.31
52,37,36.75,73.18
52,36,35.25,74.04
52,35,33.75,74.91
52,34,32.25,75.77
52,33,30.75,76.64
52,32,29.25,77.51
52,31,27.75,78.37
52,30,26.25,79.24
52,29,24.75,80.10
52,28,23.25,80.97
52,27,21.75,81.84
52,26,20.25,82.70
52,25,18.75,83.57
52,24,17.25,84.43
52,23,15.75,85.30
52,22,14.25,86.17
52,21,12.75,87.03
52,20,11.25,87.90
52,19,9.75,88.76
52,18,8.25,89.63
52,17,6.75,90.50
52,16,5.25,91.36
52,15,3.75,92.23
52,14,2.25,93.09
52,13,0.75,93.96
52,12,-0.75,94.83
52,11,-2.25,95.69
52,10,-3.75,96.56
52,9,-5.25,97.43
52,8,-6.75,98.29
52,7,-8.25,99.16
52,6,-9.75,100.02
52,5,-11.25,100.89
52,4,-12.75,101.76
52,3,-14.25,102.62
52,2,-15.75,103.49
52,1,-17.25,104.35
52,0,-18.75,105.22
53,70,87.75,45.46
53,69,86.25,46.33
53,68,84.75,47.20
53,67,83.25,48.06
53,66,81.75,48.93
53,65,80.25,49.79
53,64,78.75,50.66
53,63,77.25,51.53
53,62,75.75,52.39
53,61,74.25,53.26
53,60,72.75,54.12
53,59,71.25,54.99
53,58,69.75,55.86
53,57,68.25,56.72
53,56,66.75,57.59
53,55,65.25,58.45
53,54,63.75,59.32
53,53,62.25,60.19
53,52,60.75,61.05
53,51,59.25,61.92
53,50,57.75,62.78
53,49,56.25,63.65
53,48,54.75,64.52
53,47,53.25,65.38
53,46,51.75,66.25
53,45,50.25,67.11
53,44,48.75,67.98
53,43,47.25,68.85
53,42,45.75,69.71
53,41,44.25,70.58
53,40,42.75,71.44
53,39,41.25,72.31
53,38,39.75,73.18
53,37,38.25,74.04
53,36,36.75,74.91
53,35,35.25,75.77
53,34,33.75,76.64
53,33,32.25,77.51
53,32,30.75,78.37
53,31,29.25,79.24
53,30,27.75,80.10
53,29,26.25,80.97
53,28,24.75,81.84
53,27,23.25,82.70
53,26,21.75,83.57
53,25,20.25,84.43
53,24,18.75,85.30
53,23,17.25,86.17
53,22,15.75,87.03
53,21,14.25,87.90
53,20,12.75,88.76
53,19,11.25,89.63
53,18,9.75,90.50
53,17,8.25,91.36
53,16,6.75,92.23
53,15,5.25,93.09
53,14,3.75,93.96
53,13,2.25,94.83
53,12,0.75,95.69
53,11,-0.75,96.56
53,10,-2.25,97.43
53,9,-3.75,98.29
53,8,-5.25,99.16
53,7,-6.75,100.02
53,6,-8.25,100.89
53,5,-9.75,101.76
53,4,-11.25,102.62
53,3,-12.75,103.49
53,2,-14.25,104.35
53,1,-15.75,105.22
53,0,-17.25,106.09
54,70,89.25,46.33
54,69,87.75,47.20
54,68,86.25,48.06
54,67,84.75,48.93
54,66,83.25,49.79
54,65,81.75,50.66
54,64,80.25,51.53
54,63,78.75,52.39
54,62,77.25,53.26
54,61,75.75,54.12
54,60,74.25,54.99
54,59,72.75,55.86
54,58,71.25,56.72
54,57,69.75,57.59
54,56,68.25,58.45
54,55,66.75,59.32
54,54,65.25,60.19
54,53,63.75,61.05
54,52,62.25,61.92
54,51,60.75,62.78
54,50,59.25,63.65
54,49,57.75,64.52
54,48,56.25,65.38
54,47,54.75,66.25
54,46,53.25,67.11
54,45,51.75,67.98
54,44,50.25,68.85
54,43,48.75,69.71
54,42,47.25,70.58
54,41,45.75,71.44
54,40,44.25,72.31
54,39,42.75,73.18
54,38,41.25,74.04
54,37,39.75,74.91
54,36,38.25,75.77
54,35,36.75,76.64
54,34,35.25,77.51
54,33,33.75,78.37
54,32,32.25,79.24
54,31,30.75,80.10
54,30,29.25,80.97
54,29,27.75,81.84
54,28,26.25,82.70
54,27,24.75,83.57
54,26,23.25,84.43
54,25,21.75,85.30
54,24,20.25,86.17
54,23,18.75,87.03
54,22,17.25,87.90
54,21,15.75,88.76
54,20,14.25,89.63
54,19,12.75,90.50
54,18,11.25,91.36
54,17,9.75,92.23
54,16,8.25,93.09
54,15,6.75,93.96
54,14,5.25,94.83
54,13,3.75,95.69
54,12,2.25,96.56
54,11,0.75,97.42
54,10,-0.75,98.29
54,9,-2.25,99.16
54,8,-3.75,100.02
54,7,-5.25,100.89
54,6,-6.75,101.76
54,5,-8.25,102.62
54,4,-9.75,103.49
54,3,-11.25,104.35
54,2,-12.75,105.22
54,1,-14.25,106.09
54,0,-15.75,106.95
55,70,90.75,47.20
55,69,89.25,48.06
55,68,87.75,48.93
55,67,86.25,49.79
55,66,84.75,50.66
55,65,83.25,51.53
55,64,81.75,52.39
55,63,80.25,53.26
55,62,78.75,54.12
55,61,77.25,54.99
55,60,75.75,55.86
55,59,74.25,56.72
55,58,72.75,57.59
55,57,71.25,58.45
55,56,69.75,59.32
55,55,68.25,60.19
55,54,66.75,61.05
55,53,65.25,61.92
55,52,63.75,62.78
55,51,62.25,63.65
55,50,60.75,64.52
55,49,59.25,65.38
55,48,57.75,66.25
55,47,56.25,67.11
55,46,54.75,67.98
55,45,53.25,68.85
55,44,51.75,69.71
55,43,50.25,70.58
55,42,48.75,71.44
55,41,47.25,72.31
55,40,45.75,73.18
55,39,44.25,74.04
55,38,42.75,74.91
55,37,41.25,75.77
55,36,39.75,76.64
55,35,38.25,77.51
55,34,36.75,78.37
55,33,35.25,79.24
55,32,33.75,80.10
55,31,32.25,80.97
55,30,30.75,81.84
55,29,29.25,82.70
55,28,27.75,83.57
55,27,26.25,84.43
55,26,24.75,85.30
55,25,23.25,86.17
55,24,21.75,87.03
55,23,20.25,87.90
55,22,18.75,88.76
55,21,17.25,89.63
55,20,15.75,90.50
55,19,14.25,91.36
55,18,12.75,92.23
55,17,11.25,93.09
55,16,9.75,93.96
55,15,8.25,94.83
55,14,6.75,95.69
55,13,5.25,96.56
55,12,3.75,97.42
55,11,2.25,98.29
55,10,0.75,99.16
55,9,-0.75,100.02
55,8,-2.25,100.89
55,7,-3.75,101.76
55,6,-5.25,102.62
55,5,-6.75,103.49
55,4,-8.25,104.35
55,3,-9.75,105.22
55,2,-11.25,106.09
55,1,-12.75,106.95
55,0,-14.25,107.82
56,70,92.25,48.06
56,69,90.75,48.93
56,68,89.25,49.79
56,67,87.75,50.66
56,66,86.25,51.53
56,65,84.75,52.39
56,64,83.25,53.26
56,63,81.75,54.12
56,62,80.25,54.99
56,61,78.75,55.86
56,60,77.25,56.72
56,59,75.75,57.59
56,58,74.25,58.45
56,57,72.75,59.32
56,56,71.25,60.19
56,55,69.75,61.05
56,54,68.25,61.92
56,53,66.75,62.78
56,52,65.25,63.65
56,51,63.75,64.52
56,50,62.25,65.38
56,49,60.75,66.25
56,48,59.25,67.11
56,47,57.75,67.98
56,46,56.25,68.85
56,45,54.75,69.71
56,44,53.25,70.58
56,43,51.75,71.44
56,42,50.25,72.31
56,41,48.75,73.18
56,40,47.25,74.04
56,39,45.75,74.91
56,38,44.25,75.77
56,37,42.75,76.64
56,36,41.25,77.51
56,35,39.75,78.37
56,34,38.25,79.24
56,33,36.75,80.10
56,32,35.25,80.97
56,31,33.75,81.84
56,30,32.25,82.70
56,29,30.75,83.57
56,28,29.25,84.43
56,27,27.75,85.30
56,26,26.25,86.17
56,25,24.75,87.03
56,24,23.25,87.90
56,23,21.75,88.76
56,22,20.25,89.63
56,21,18.75,90.50
56,20,17.25,91.36
56,19,15.75,92.23
56,18,14.25,93.09
56,17,12.75,93.96
56,16,11.25,94.83
56,15,9.75,95.69
56,14,8.25,96.56
56,13,6.75,97.42
56,12,5.25,98.29
56,11,3.75,99.16
56,10,2.25,100.02
56,9,0.75,100.89
56,8,-0.75,101.76
56,7,-2.25,102.62
56,6,-3.75,103.49
56,5,-5.25,104.35
56,4,-6.75,105.22
56,3,-8.25,106.09
56,2,-9.75,106.95
56,1,-11.25,107.82
56,0,-12.75,108.68
57,69,93.75,48.93
57,68,92.25,49.79
57,67,90.75,50.66
57,66,89.25,51.53
57,65,87.75,52.39
57,64,86.25,53.26
57,63,84.75,54.12
57,62,83.25,54.99
57,61,81.75,55.86
57,60,80.25,56.72
57,59,78.75,57.59
57,58,77.25,58.45
57,57,75.75,59.32
57,56,74.25,60.19
57,55,72.75,61.05
57,54,71.25,61.92
57,53,69.75,62.78
57,52,68.25,63.65
57,51,66.75,64.52
57,50,65.25,65.38
57,49,63.75,66.25
57,48,62.25,67.11
57,47,60.75,67.98
57,46,59.25,68.85
57,45,57.75,69.71
57,44,56.25,70.58
57,43,54.75,71.44
57,42,53.25,72.31
57,41,51.75,73.18
57,40,50.25,74.04
57,39,48.75,74.91
57,38,47.25,75.77
57,37,45.75,76.64
57,36,44.25,77.51
57,35,42.75,78.37
57,34,41.25,79.24
57,33,39.75,80.10
57,32,38.25,80.97
57,31,36.75,81.84
57,30,35.25,82.70
57,29,33.75,83.57
57,28,32.25,84.43
57,27,30.75,85.30
57,26,29.25,86.17
57,25,27.75,87.03
57,24,26.25,87.90
57,23,24.75,88.76
57,22,23.25,89.63
57,21,21.75,90.50
57,20,20.25,91.36
57,19,18.75,92.23
57,18,17.25,93.09
57,17,15.75,93.96
57,16,14.25,94.83
57,15,12.75,95.69
57,14,11.25,96.56
57,13,9.75,97.42
57,12,8.25,98.29
57,11,6.75,99.16
57,10,5.25,100.02
57,9,3.75,100.89
57,8,2.25,101.75
57,7,0.75,102.62
57,6,-0.75,103.49
57,5,-2.25,104.35
57,4,-3.75,105.22
57,3,-5.25,106.09
57,2,-6.75,106.95
57,1,-8.25,107.82
57,0,-9.75,108.68
58,68,95.25,49.79
58,67,93.75,50.66
58,66,92.25,51.53
58,65,90.75,52.39
58,64,89.25,53.26
58,63,87.75,54.12
58,62,86.25,54.99
58,61,84.75,55.86
58,60,83.25,56.72
58,59,81.75,57.59
58,58,80.25,58.45
58,57,78.75,59.32
58,56,77.25,60.19
58,55,75.75,61.05
58,54,74.25,61.92
58,53,72.75,62.78
58,52,71.25,63.65
58,51,69.75,64.52
58,50,68.25,65.38
58,49,66.75,66.25
58,48,65.25,67.11
58,47,63.75,67.98
58,46,62.25,68.85
58,45,60.75,69.71
58,44,59.25,70.58
58,43,57.75,71.44
58,42,56.25,72.31
58,41,54.75,73.18
58,40,53.25,74.04
58,39,51.75,74.91
58,38,50.25,75.77
58,37,48.75,76.64
58,36,47.25,77.51
58,35,45.75,78.37
58,34,44.25,79.24
58,33,42.75,80.10
58,32,41.25,80.97
58,31,39.75,81.84
58,30,38.25,82.70
58,29,36.75,83.57
58,28,35.25,84.43
58,27,33.75,85.30
58,26,32.25,86.17
58,25,30.75,87.03
58,24,29.25,87.90
58,23,27.75,88.76
58,22,26.25,89.63
58,21,24.75,90.50
58,20,23.25,91.36
58,19,21.75,92.23
58,18,20.25,93.09
58,17,18.75,93.96
58,16,17.25,94.83
58,15,15.75,95.69
58,14,14.25,96.56
58,13,12.75,97.42
58,12,11.25,98.29
58,11,9.75,99.16
58,10,8.25,100.02
58,9,6.75,100.89
58,8,5.25,101.75
58,7,3.75,102.62
58,6,2.25,103.49
58,5,0.75,104.35
58,4,-0.75,105.22
58,3,-2.25,106.09
58,2,-3.75,106.95
58,1,-5.25,107.82
58,0,-6.75,108.68
59,67,96.75,50.66
59,66,95.25,51.53
59,65,93.75,52.39
59,64,92.25,53.26
59,63,90.75,54.12
59,62,89.25,54.99
59,61,87.75,55.86
59,60,86.25,56.72
59,59,84.75,57.59
59,58,83.25,58.45
59,57,81.75,59.32
59,56,80.25,60.19
59,55,78.75,61.05
59,54,77.25,61.92
59,53,75.75,62.78
59,52,74.25,63.65
59,51,72.75,64.52
59,50,71.25,65.38
59,49,69.75,66.25
59,48,68.25,67.11
59,47,66.75,67.98
59,46,65.25,68.85
59,45,63.75,69.71
59,44,62.25,70.58
59,43,60.75,71.44
59,42,59.25,72.31
59,41,57.75,73.18
59,40,56.25,74.04
59,39,54.75,74.91
59,38,53.25,75.77
59,37,51.75,76.64
59,36,50.25,77.51
59,35,48.75,78.37
59,34,47.25,79.24
59,33,45.75,80.10
59,32,44.25,80.97
59,31,42.75,81.84
59,30,41.25,82.70
59,29,39.75,83.57
59,28,38.25,84.43
59,27,36.75,85.30
59,26,35.25,86.17
59,25,33.75,87.03
59,24,32.25,87.90
59,23,30.75,88.76
59,22,29.25,89.63
59,21,27.75,90.50
59,20,26.25,91.36
59,19,24.75,92.23
59,18,23.25,93.09
59,17,21.75,93.96
59,16,20.25,94.83
59,15,18.75,95.69
59,14,17.25,96.56
59,13,15.75,97.42
59,12,14.25,98.29
59,11,12.75,99.16
59,10,11.25,100.02
59,9,9.75,100.89
59,8,8.25,101.75
59,7,6.75,102.62
59,6,5.25,103.49
59,5,3.75,104.35
59,4,2.25,105.22
59,3,0.75,106.08
59,2,-0.75,106.95
59,1,-2.25,107.82
59,0,-3.75,108.68
60,66,98.25,51.53
60,65,96.75,52.39
60,64,95.25,53.26
60,63,93.75,54.12
60,62,92.25,54.99
60,61,90.75,55.86
60,60,89.25,56.72
60,59,87.75,57.59
60,58,86.25,58.45
60,57,84.75,59.32
60,56,83.25,60.19
60,55,81.75,61.05
60,54,80.25,61.92
60,53,78.75,62.78
60,52,77.25,63.65
60,51,75.75,64.52
60,50,74.25,65.38
60,49,72.75,66.25
60,48,71.25,67.11
60,47,69.75,67.98
60,46,68.25,68.85
60,45,66.75,69.71
60,44,65.25,70.58
60,43,63.75,71.44
60,42,62.25,72.31
60,41,60.75,73.18
60,40,59.25,74.04
60,39,57.75,74.91
60,38,56.25,75.77
60,37,54.75,76.64
60,36,53.25,77.51
60,35,51.75,78.37
60,34,50.25,79.24
60,33,48.75,80.10
60,32,47.25,80.97
60,31,45.75,81.84
60,30,44.25,82.70
60,29,42.75,83.57
60,28,41.25,84.43
60,27,39.75,85.30
60,26,38.25,86.17
60,25,36.75,87.03
60,24,35.25,87.90
60,23,33.75,88.76
60,22,32.25,89.63
60,21,30.75,90.50
60,20,29.25,91.36
60,19,27.75,92.23
60,18,26.25,93.09
60,17,24.75,93.96
60,16,23.25,94.83
60,15,21.75,95.69
60,14,20.25,96.56
60,13,18.75,97.42
60,12,17.25,98.29
60,11,15.75,99.16
60,10,14.25,100.02
60,9,12.75,100.89
60,8,11.25,101.75
60,7,9.75,102.62
60,6,8.25,103.49
60,5,6.75,104.35
60,4,5.25,105.22
60,3,3.75,106.08
60,2,2.25,106.95
60,1,0.75,107.82
60,0,-0.75,108.68
61,65,99.75,52.39
61,64,98.25,53.26
61,63,96.75,54.12
61,62,95.25,54.99
61,61,93.75,55.86
61,60,92.25,56.72
61,59,90.75,57.59
61,58,89.25,58.45
61,57,87.75,59.32
61,56,86.25,60.19
61,55,84.75,61.05
61,54,83.25,61.92
61,53,81.75,62.78
61,52,80.25,63.65
61,51,78.75,64.52
61,50,77.25,65.38
61,49,75.75,66.25
61,48,74.25,67.11
61,47,72.75,67.98
61,46,71.25,68.85
61,45,69.75,69.71
61,44,68.25,70.58
61,43,66.75,71.44
61,42,65.25,72.31
61,41,63.75,73.18
61,40,62.25,74.04
61,39,60.75,74.91
61,38,59.25,75.77
61,37,57.75,76.64
61,36,56.25,77.51
61,35,54.75,78.37
61,34,53.25,79.24
61,33,51.75,80.10
61,32,50.25,80.97
61,31,48.75,81.84
61,30,47.25,82.70
61,29,45.75,83.57
61,28,44.25,84.43
61,27,42.75,85.30
61,26,41.25,86.17
61,25,39.75,87.03
61,24,38.25,87.90
61,23,36.75,88.76
61,22,35.25,89.63
61,21,33.75,90.50
61,20,32.25,91.36
61,19,30.75,92.23
61,18,29.25,93.09
61,17,27.75,93.96
61,16,26.25,94.83
61,15,24.75,95.69
61,14,23.25,96.56
61,13,21.75,97.42
61,12,20.25,98.29
61,11,18.75,99.16
61,10,17.25,100.02
61,9,15.75,100.89
61,8,14.25,101.75
61,7,12.75,102.62
61,6,11.25,103.49
61,5,9.75,104.35
61,4,8.25,105.22
61,3,6.75,106.08
61,2,5.25,106.95
61,1,3.75,107.82
61,0,2.25,108.68
62,63,101.25,53.26
62,62,99.75,54.12
62,61,98.25,54.99
62,60,96.75,55.86
62,59,95.25,56.72
62,58,93.75,57.59
62,57,92.25,58.45
62,56,90.75,59.32
62,55,89.25,60.19
62,54,87.75,61.05
62,53,86.25,61.92
62,52,84.75,62.78
62,51,83.25,63.65
62,50,81.75,64.52
62,49,80.25,65.38
62,48,78.75,66.25
62,47,77.25,67.11
62,46,75.75,67.98
62,45,74.25,68.85
62,44,72.75,69.71
62,43,71.25,70.58
62,42,69.75,71.44
62,41,68.25,72.31
62,40,66.75,73.18
62,39,65.25,74.04
62,38,63.75,74.91
62,37,62.25,75.77
62,36,60.75,76.64
62,35,59.25,77.51
62,34,57.75,78.37
62,33,56.25,79.24
62,32,54.75,80.10
62,31,53.25,80.97
62,30,51.75,81.84
62,29,50.25,82.70
62,28,48.75,83.57
62,27,47.25,84.43
62,26,45.75,85.30
62,25,44.25,86.17
62,24,42.75,87.03
62,23,41.25,87.90
62,22,39.75,88.76
62,21,38.25,89.63
62,20,36.75,90.50
62,19,35.25,91.36
62,18,33.75,92.23
62,17,32.25,93.09
62,16,30.75,93.96
62,15,29.25,94.83
62,14,27.75,95.69
62,13,26.25,96.56
62,12,24.75,97.42
62,11,23.25,98.29
62,10,21.75,99.16
62,9,20.25,100.02
62,8,18.75,100.89
62,7,17.25,101.75
62,6,15.75,102.62
62,5,14.25,103.49
62,4,12.75,104.35
62,3,11.25,105.22
62,2,9.75,106.08
62,1,8.25,106.95
62,0,6.75,107.82
63,61,102.75,54.12
63,60,101.25,54.99
63,59,99.75,55.86
63,58,98.25,56.72
63,57,96.75,57.59
63,56,95.25,58.45
63,55,93.75,59.32
63,54,92.25,60.19
63,53,90.75,61.05
63,52,89.25,61.92
63,51,87.75,62.78
63,50,86.25,63.65
63,49,84.75,64.52
63,48,83.25,65.38
63,47,81.75,66.25
63,46,80.25,67.11
63,45,78.75,67.98
63,44,77.25,68.85
63,43,75.75,69.71
63,42,74.25,70.58
63,41,72.75,71.44
63,40,71.25,72.31
63,39,69.75,73.18
63,38,68.25,74.04
63,37,66.75,74.91
63,36,65.25,75.77
63,35,63.75,76.64
63,34,62.25,77.51
63,33,60.75,78.37
63,32,59.25,79.24
63,31,57.75,80.10
63,30,56.25,80.97
63,29,54.75,81.84
63,28,53.25,82.70
63,27,51.75,83.57
63,26,50.25,84.43
63,25,48.75,85.30
63,24,47.25,86.17
63,23,45.75,87.03
63,22,44.25,87.90
63,21,42.75,88.76
63,20,41.25,89.63
63,19,39.75,90.50
63,18,38.25,91.36
63,17,36.75,92.23
63,16,35.25,93.09
63,15,33.75,93.96
63,14,32.25,94.83
63,13,30.75,95.69
63,12,29.25,96.56
63,11,27.75,97.42
63,10,26.25,98.29
63,9,24.75,99.16
63,8,23.25,100.02
63,7,21.75,100.89
63,6,20.25,101.75
63,5,18.75,102.62
63,4,17.25,103.49
63,3,15.75,104.35
63,2,14.25,105.22
63,1,12.75,106.08
63,0,11.25,106.95
64,59,104.25,54.99
64,58,102.75,55.86
64,57,101.25,56.72
64,56,99.75,57.59
64,55,98.25,58.45
64,54,96.75,59.32
64,53,95.25,60.19
64,52,93.75,61.05
64,51,92.25,61.92
64,50,90.75,62.78
64,49,89.25,63.65
64,48,87.75,64.52
64,47,86.25,65.38
64,46,84.75,66.25
64,45,83.25,67.11
64,44,81.75,67.98
64,43,80.25,68.85
64,42,78.75,69.71
64,41,77.25,70.58
64,40,75.75,71.44
64,39,74.25,72.31
64,38,72.75,73.18
64,37,71.25,74.04
64,36,69.75,74.91
64,35,68.25,75.77
64,34,66.75,76.64
64,33,65.25,77.51
64,32,63.75,78.37
64,31,62.25,79.24
64,30,60.75,80.10
64,29,59.25,80.97
64,28,57.75,81.84
64,27,56.25,82.70
64,26,54.75,83.57
64,25,53.25,84.43
64,24,51.75,85.30
64,23,50.25,86.17
64,22,48.75,87.03
64,21,47.25,87.90
64,20,45.75,88.76
64,19,44.25,89.63
64,18,42.75,90.50
64,17,41.25,91.36
64,16,39.75,92.23
64,15,38.25,93.09
64,14,36.75,93.96
64,13,35.25,94.83
64,12,33.75,95.69
64,11,32.25,96.56
64,10,30.75,97.42
64,9,29.25,98.29
64,8,27.75,99.16
64,7,26.25,100.02
64,6,24.75,100.89
64,5,23.25,101.75
64,4,21.75,102.62
64,3,20.25,103.49
64,2,18.75,104.35
64,1,17.25,105.22
64,0,15.75,106.08
65,57,105.75,55.86
65,56,104.25,56.72
65,55,102.75,57.59
65,54,101.25,58.45
65,53,99.75,59.32
65,52,98.25,60.19
65,51,96.75,61.05
65,50,95.25,61.92
65,49,93.75,62.78
65,48,92.25,63.65
65,47,90.75,64.52
65,46,89.25,65.38
65,45,87.75,66.25
65,44,86.25,67.11
65,43,84.75,67.98
65,42,83.25,68.85
65,41,81.75,69.71
65,40,80.25,70.58
65,39,78.75,71.44
65,38,77.25,72.31
65,37,75.75,73.18
65,36,74.25,74.04
65,35,72.75,74.91
65,34,71.25,75.77
65,33,69.75,76.64
65,32,68.25,77.51
65,31,66.75,78.37
65,30,65.25,79.24
65,29,63.75,80.10
65,28,62.25,80.97
65,27,60.75,81.84
65,26,59.25,82.70
65,25,57.75,83.57
65,24,56.25,84.43
65,23,54.75,85.30
65,22,53.25,86.17
65,21,51.75,87.03
65,20,50.25,87.90
65,19,48.75,88.76
65,18,47.25,89.63
65,17,45.75,90.50
65,16,44.25,91.36
65,15,42.75,92.23
65,14,41.25,93.09
65,13,39.75,93.96
65,12,38.25,94.83
65,11,36.75,95.69
65,10,35.25,96.56
65,9,33.75,97.42
65,8,32.25,98.29
65,7,30.75,99.16
65,6,29.25,100.02
65,5,27.75,100.89
65,4,26.25,101.75
65,3,24.75,102.62
65,2,23.25,103.49
65,1,21.75,104.35
65,0,20.25,105.22
66,55,107.25,56.72
66,54,105.75,57.59
66,53,104.25,58.45
66,52,102.75,59.32
66,51,101.25,60.19
66,50,99.75,61.05
66,49,98.25,61.92
66,48,96.75,62.78
66,47,95.25,63.65
66,46,93.75,64.52
66,45,92.25,65.38
66,44,90.75,66.25
66,43,89.25,67.11
66,42,87.75,67.98
66,41,86.25,68.85
66,40,84.75,69.71
66,39,83.25,70.58
66,38,81.75,71.44
66,37,80.25,72.31
66,36,78.75,73.18
66,35,77.25,74.04
66,34,75.75,74.91
66,33,74.25,75.77
66,32,72.75,76.64
66,31,71.25,77.51
66,30,69.75,78.37
66,29,68.25,79.24
66,28,66.75,80.10
66,27,65.25,80.97
66,26,63.75,81.84
66,25,62.25,82.70
66,24,60.75,83.57
66,23,59.25,84.43
66,22,57.75,85.30
66,21,56.25,86.17
66,20,54.75,87.03
66,19,53.25,87.90
66,18,51.75,88.76
66,17,50.25,89.63
66,16,48.75,90.50
66,15,47.25,91.36
66,14,45.75,92.23
66,13,44.25,93.09
66,12,42.75,93.96
66,11,41.25,94.83
66,10,39.75,95.69
66,9,38.25,96.56
66,8,36.75,97.42
66,7,35.25,98.29
66,6,33.75,99.16
66,5,32.25,100.02
66,4,30.75,100.89
66,3,29.25,101.75
66,2,27.75,102.62
66,1,26.25,103.49
66,0,24.75,104.35
67,53,108.75,57.59
67,52,107.25,58.45
67,51,105.75,59.32
67,50,104.25,60.19
67,49,102.75,61.05
67,48,101.25,61.92
67,47,99.75,62.78
67,46,98.25,63.65
67,45,96.75,64.52
67,44,95.25,65.38
67,43,93.75,66.25
67,42,92.25,67.11
67,41,90.75,67.98
67,40,89.25,68.85
67,39,87.75,69.71
67,38,86.25,70.58
67,37,84.75,71.44
67,36,83.25,72.31
67,35,81.75,73.18
67,34,80.25,74.04
67,33,78.75,74.91
67,32,77.25,75.77
67,31,75.75,76.64
67,30,74.25,77.51
67,29,72.75,78.37
67,28,71.25,79.24
67,27,69.75,80.10
67,26,68.25,80.97
67,25,66.75,81.84
67,24,65.25,82.70
67,23,63.75,83.57
67,22,62.25,84.43
67,21,60.75,85.30
67,20,59.25,86.17
67,19,57.75,87.03
67,18,56.25,87.90
67,17,54.75,88.76
67,16,53.25,89.63
67,15,51.75,90.50
67,14,50.25,91.36
67,13,48.75,92.23
67,12,47.25,93.09
67,11,45.75,93.96
67,10,44.25,94.83
67,9,42.75,95.69
67,8,41.25,96.56
67,7,39.75,97.42
67,6,38.25,98.29
67,5,36.75,99.16
67,4,35.25,100.02
67,3,33.75,100.89
67,2,32.25,101.75
67,1,30.75,102.62
67,0,29.25,103.49
68,51,110.25,58.45
68,50,108.75,59.32
68,49,107.25,60.19
68,48,105.75,61.05
68,47,104.25,61.92
68,46,102.75,62.78
68,45,101.25,63.65
68,44,99.75,64.52
68,43,98.25,65.38
68,42,96.75,66.25
68,41,95.25,67.11
68,40,93.75,67.98
68,39,92.25,68.85
68,38,90.75,69.71
68,37,89.25,70.58
68,36,87.75,71.44
68,35,86.25,72.31
68,34,84.75,73.18
68,33,83.25,74.04
68,32,81.75,74.91
68,31,80.25,75.77
68,30,78.75,76.64
68,29,77.25,77.51
68,28,75.75,78.37
68,27,74.25,79.24
68,26,72.75,80.10
68,25,71.25,80.97
68,24,69.75,81.84
68,23,68.25,82.70
68,22,66.75,83.57
68,21,65.25,84.43
68,20,63.75,85.30
68,19,62.25,86.17
68,18,60.75,87.03
68,17,59.25,87.90
68,16,57.75,88.76
68,15,56.25,89.63
68,14,54.75,90.50
68,13,53.25,91.36
68,12,51.75,92.23
68,11,50.25,93.09
68,10,48.75,93.96
68,9,47.25,94.83
68,8,45.75,95.69
68,7,44.25,96.56
68,6,42.75,97.42
68,5,41.25,98.29
68,4,39.75,99.16
68,3,38.25,100.02
68,2,36.75,100.89
68,1,35.25,101.75
68,0,33.75,102.62
69,49,111.75,59.32
69,48,110.25,60.19
69,47,108.75,61.05
69,46,107.25,61.92
69,45,105.75,62.78
69,44,104.25,63.65
69,43,102.75,64.52
69,42,101.25,65.38
69,41,99.75,66.25
69,40,98.25,67.11
69,39,96.75,67.98
69,38,95.25,68.85
69,37,93.75,69.71
69,36,92.25,70.58
69,35,90.75,71.44
69,34,89.25,72.31
69,33,87.75,73.18
69,32,86.25,74.04
69,31,84.75,74.91
69,30,83.25,75.77
69,29,81.75,76.64
69,28,80.25,77.51
69,27,78.75,78.37
69,26,77.25,79.24
69,25,75.75,80.10
69,24,74.25,80.97
69,23,72.75,81.84
69,22,71.25,82.70
69,21,69.75,83.57
69,20,68.25,84.43
69,19,66.75,85.30
69,18,65.25,86.17
69,17,63.75,87.03
69,16,62.25,87.90
69,15,60.75,88.76
69,14,59.25,89.63
69,13,57.75,90.50
69,12,56.25,91.36
69,11,54.75,92.23
69,10,53.25,93.09
69,9,51.75,93.96
69,8,50.25,94.83
69,7,48.75,95.69
69,6,47.25,96.56
69,5,45.75,97.42
69,4,44.25,98.29
69,3,42.75,99.16
69,2,41.25,100.02
69,1,39.75,100.89
69,0,38.25,101.75
70,47,113.25,60.19
70,46,111.75,61.05
70,45,110.25,61.92
70,44,108.75,62.78
70,43,107.25,63.65
70,42,105.75,64.52
70,41,104.25,65.38
70,40,102.75,66.25
70,39,101.25,67.11
70,38,99.75,67.98
70,37,98.25,68.85
70,36,96.75,69.71
70,35,95.25,70.58
70,34,93.75,71.44
70,33,92.25,72.31
70,32,90.75,73.18
70,31,89.25,74.04
70,30,87.75,74.91
70,29,86.25,75.77
70,28,84.75,76.64
70,27,83.25,77.51
70,26,81.75,78.37
70,25,80.25,79.24
70,24,78.75,80.10
70,23,77.25,80.97
70,22,75.75,81.84
70,21,74.25,82.70
70,20,72.75,83.57
70,19,71.25,84.43
70,18,69.75,85.30
70,17,68.25,86.17
70,16,66.75,87.03
70,15,65.25,87.90
70,14,63.75,88.76
70,13,62.25,89.63
70,12,60.75,90.50
70,11,59.25,91.36
70,10,57.75,92.23
70,9,56.25,93.09
70,8,54.75,93.96
70,7,53.25,94.83
70,6,51.75,95.69
70,5,50.25,96.56
70,4,48.75,97.42
70,3,47.25,98.29
70,2,45.75,99.16
70,1,44.25,100.02
70,0,42.75,100.89
71,45,114.75,61.05
71,44,113.25,61.92
71,43,111.75,62.78
71,42,110.25,63.65
71,41,108.75,64.52
71,40,107.25,65.38
71,39,105.75,66.25
71,38,104.25,67.11
71,37,102.75,67.98
71,36,101.25,68.85
71,35,99.75,69.71
71,34,98.25,70.58
71,33,96.75,71.44
71,32,95.25,72.31
71,31,93.75,73.18
71,30,92.25,74.04
71,29,90.75,74.91
71,28,89.25,75.77
71,27,87.75,76.64
71,26,86.25,77.51
71,25,84.75,78.37
71,24,83.25,79.24
71,23,81.75,80.10
71,22,80.25,80.97
71,21,78.75,81.84
71,20,77.25,82.70
71,19,75.75,83.57
71,18,74.25,84.43
71,17,72.75,85.30
71,16,71.25,86.17
71,15,69.75,87.03
71,14,68.25,87.90
71,13,66.75,88.76
71,12,65.25,89.63
71,11,63.75,90.50
71,10,62.25,91.36
71,9,60.75,92.23
71,8,59.25,93.09
71,7,57.75,93.96
71,6,56.25,94.83
71,5,54.75,95.69
71,4,53.25,96.56
71,3,51.75,97.42
71,2,50.25,98.29
71,1,48.75,99.16
71,0,47.25,100.02
72,43,116.25,61.92
72,42,114.75,62.78
72,41,113.25,63.65
72,40,111.75,64.52
72,39,110.25,65.38
72,38,108.75,66.25
72,37,107.25,67.11
72,36,105.75,67.98
72,35,104.25,68.85
72,34,102.75,69.71
72,33,101.25,70.58
72,32,99.75,71.44
72,31,98.25,72.31
72,30,96.75,73.18
72,29,95.25,74.04
72,28,93.75,74.91
72,27,92.25,75.77
72,26,90.75,76.64
72,25,89.25,77.51
72,24,87.75,78.37
72,23,86.25,79.24
72,22,84.75,80.10
72,21,83.25,80.97
72,20,81.75,81.84
72,19,80.25,82.70
72,18,78.75,83.57
72,17,77.25,84.43
72,16,75.75,85.30
72,15,74.25,86.17
72,14,72.75,87.03
72,13,71.25,87.90
72,12,69.75,88.76
72,11,68.25,89.63
72,10,66.75,90.50
72,9,65.25,91.36
72,8,63.75,92.23
72,7,62.25,93.09
72,6,60.75,93.96
72,5,59.25,94.83
72,4,57.75,95.69
72,3,56.25,96.56
72,2,54.75,97.42
72,1,53.25,98.29
72,0,51.75,99.16
73,41,117.75,62.78
73,40,116.25,63.65
73,39,114.75,64.52
73,38,113.25,65.38
73,37,111.75,66.25
73,36,110.25,67.11
73,35,108.75,67.98
73,34,107.25,68.85
73,33,105.75,69.71
73,32,104.25,70.58
73,31,102.75,71.44
73,30,101.25,72.31
73,29,99.75,73.18
73,28,98.25,74.04
73,27,96.75,74.91
73,26,95.25,75.77
73,25,93.75,76.64
73,24,92.25,77.51
73,23,90.75,78.37
73,22,89.25,79.24
73,21,87.75,80.10
73,20,86.25,80.97
73,19,84.75,81.84
73,18,83.25,82.70
73,17,81.75,83.57
73,16,80.25,84.43
73,15,78.75,85.30
73,14,77.25,86.17
73,13,75.75,87.03
73,12,74.25,87.90
73,11,72.75,88.76
73,10,71.25,89.63
73,9,69.75,90.50
73,8,68.25,91.36
73,7,66.75,92.23
73,6,65.25,93.09
73,5,63.75,93.96
73,4,62.25,94.83
73,3,60.75,95.69
73,2,59.25,96.56
73,1,57.75,97.42
73,0,56.25,98.29
74,39,119.25,63.65
74,38,117.75,64.52
74,37,116.25,65.38
74,36,114.75,66.25
74,35,113.25,67.11
74,34,111.75,67.98
74,33,110.25,68.85
74,32,108.75,69.71
74,31,107.25,70.58
74,30,105.75,71.44
74,29,104.25,72.31
74,28,102.75,73.18
74,27,101.25,74.04
74,26,99.75,74.91
74,25,98.25,75.77
74,24,96.75,76.64
74,23,95.25,77.51
74,22,93.75,78.37
74,21,92.25,79.24
74,20,90.75,80.10
74,19,89.25,80.97
74,18,87.75,81.84
74,17,86.25,82.70
74,16,84.75,83.57
74,15,83.25,84.43
74,14,81.75,85.30
74,13,80.25,86.17
74,12,78.75,87.03
74,11,77.25,87.90
74,10,75.75,88.76
74,9,74.25,89.63
74,8,72.75,90.50
74,7,71.25,91.36
74,6,69.75,92.23
74,5,68.25,93.09
74,4,66.75,93.96
74,3,65.25,94.83
74,2,63.75,95.69
74,1,62.25,96.56
74,0,60.75,97.42
75,37,120.75,64.51
75,36,119.25,65.38
75,35,117.75,66.25
75,34,116.25,67.11
75,33,114.75,67.98
75,32,113.25,68.85
75,31,111.75,69.71
75,30,110.25,70.58
75,29,108.75,71.44
75,28,107.25,72.31
75,27,105.75,73.18
75,26,104.25,74.04
75,25,102.75,74.91
75,24,101.25,75.77
75,23,99.75,76.64
75,22,98.25,77.51
75,21,96.75,78.37
75,20,95.25,79.24
75,19,93.75,80.10
75,18,92.25,80.97
75,17,90.75,81.84
75,16,89.25,82.70
75,15,87.75,83.57
75,14,86.25,84.43
75,13,84.75,85.30
75,12,83.25,86.17
75,11,81.75,87.03
75,10,80.25,87.90
75,9,78.75,88.76
75,8,77.25,89.63
75,7,75.75,90.50
75,6,74.25,91.36
75,5,72.75,92.23
75,4,71.25,93.09
75,3,69.75,93.96
75,2,68.25,94.83
75,1,66.75,95.69
75,0,65.25,96.56
76,35,122.25,65.38
76,34,120.75,66.25
76,33,119.25,67.11
76,32,117.75,67.98
76,31,116.25,68.85
76,30,114.75,69.71
76,29,113.25,70.58
76,28,111.75,71.44
76,27,110.25,72.31
76,26,108.75,73.18
76,25,107.25,74.04
76,24,105.75,74.91
76,23,104.25,75.77
76,22,102.75,76.64
76,21,101.25,77.51
76,20,99.75,78.37
76,19,98.25,79.24
76,18,96.75,80.10
76,17,95.25,80.97
76,16,93.75,81.84
76,15,92.25,82.70
76,14,90.75,83.57
76,13,89.25,84.43
76,12,87.75,85.30
76,11,86.25,86.17
76,10,84.75,87.03
76,9,83.25,87.90
76,8,81.75,88.76
76,7,80.25,89.63
76,6,78.75,90.50
76,5,77.25,91.36
76,4,75.75,92.23
76,3,74.25,93.09
76,2,72.75,93.96
76,1,71.25,94.83
76,0,69.75,95.69
77,33,123.75,66.25
77,32,122.25,67.11
77,31,120.75,67.98
77,30,119.25,68.84
77,29,117.75,69.71
77,28,116.25,70.58
77,27,114.75,71.44
77,26,113.25,72.31
77,25,111.75,73.18
77,24,110.25,74.04
77,23,108.75,74.91
77,22,107.25,75.77
77,21,105.75,76.64
77,20,104.25,77.51
77,19,102.75,78.37
77,18,101.25,79.24
77,17,99.75,80.10
77,16,98.25,80.97
77,15,96.75,81.84
77,14,95.25,82.70
77,13,93.75,83.57
77,12,92.25,84.43
77,11,90.75,85.30
77,10,89.25,86.17
77,9,87.75,87.03
77,8,86.25,87.90
77,7,84.75,88.76
77,6,83.25,89.63
77,5,81.75,90.50
77,4,80.25,91.36
77,3,78.75,92.23
77,2,77.25,93.09
77,1,75.75,93.96
77,0,74.25,94.83
78,31,125.25,67.11
78,30,123.75,67.98
78,29,122.25,68.84
78,28,120.75,69.71
78,27,119.25,70.58
78,26,117.75,71.44
78,25,116.25,72.31
78,24,114.75,73.18
78,23,113.25,74.04
78,22,111.75,74.91
78,21,110.25,75.77
78,20,108.75,76.64
78,19,107.25,77.51
78,18,105.75,78.37
78,17,104.25,79.24
78,16,102.75,80.10
78,15,101.25,80.97
78,14,99.75,81.84
78,13,98.25,82.70
78,12,96.75,83.57
78,11,95.25,84.43
78,10,93.75,85.30
78,9,92.25,86.17
78,8,90.75,87.03
78,7,89.25,87.90
78,6,87.75,88.76
78,5,86.25,89.63
78,4,84.75,90.50
78,3,83.25,91.36
78,2,81.75,92.23
78,1,80.25,93.09
78,0,78.75,93.96
79,29,126.75,67.98
79,28,125.25,68.84
79,27,123.75,69.71
79,26,122.25,70.58
79,25,120.75,71.44
79,24,119.25,72.31
79,23,117.75,73.18
79,22,116.25,74.04
79,21,114.75,74.91
79,20,113.25,75.77
79,19,111.75,76.64
79,18,110.25,77.51
79,17,108.75,78.37
79,16,107.25,79.24
79,15,105.75,80.10
79,14,104.25,80.97
79,13,102.75,81.84
79,12,101.25,82.70
79,11,99.75,83.57
79,10,98.25,84.43
79,9,96.75,85.30
79,8,95.25,86.17
79,7,93.75,87.03
79,6,92.25,87.90
79,5,90.75,88.76
79,4,89.25,89.63
79,3,87.75,90.50
79,2,86.25,91.36
79,1,84.75,92.23
79,0,83.25,93.09
80,27,128.25,68.84
80,26,126.75,69.71
80,25,125.25,70.58
80,24,123.75,71.44
80,23,122.25,72.31
80,22,120.75,73.17
80,21,119.25,74.04
80,20,117.75,74.91
80,19,116.25,75.77
80,18,114.75,76.64
80,17,113.25,77.51
80,16,111.75,78.37
80,15,110.25,79.24
80,14,108.75,80.10
80,13,107.25,80.97
80,12,105.75,81.84
80,11,104.25,82.70
80,10,102.75,83.57
80,9,101.25,84.43
80,8,99.75,85.30
80,7,98.25,86.17
80,6,96.75,87.03
80,5,95.25,87.90
80,4,93.75,88.76
80,3,92.25,89.63
80,2,90.75,90.50
80,1,89.25,91.36
80,0,87.75,92.23
81,25,129.75,69.71
81,24,128.25,70.58
81,23,126.75,71.44
81,22,125.25,72.31
81,21,123.75,73.17
81,20,122.25,74.04
81,19,120.75,74.91
81,18,119.25,75.77
81,17,117.75,76.64
81,16,116.25,77.51
81,15,114.75,78.37
81,14,113.25,79.24
81,13,111.75,80.10
81,12,110.25,80.97
81,11,108.75,81.84
81,10,107.25,82.70
81,9,105.75,83.57
81,8,104.25,84.43
81,7,102.75,85.30
81,6,101.25,86.17
81,5,99.75,87.03
81,4,98.25,87.90
81,3,96.75,88.76
81,2,95.25,89.63
81,1,93.75,90.50
81,0,92.25,91.36
82,23,131.25,70.58
82,22,129.75,71.44
82,21,128.25,72.31
82,20,126.75,73.17
82,19,125.25,74.04
82,18,123.75,74.91
82,17,122.25,75.77
82,16,120.75,76.64
82,15,119.25,77.50
82,14,117.75,78.37
82,13,116.25,79.24
82,12,114.75,80.10
82,11,113.25,80.97
82,10,111.75,81.84
82,9,110.25,82.70
82,8,108.75,83.57
82,7,107.25,84.43
82,6,105.75,85.30
82,5,104.25,86.17
82,4,102.75,87.03
82,3,101.25,87.90
82,2,99.75,88.76
82,1,98.25,89.63
82,0,96.75,90.50
83,21,132.75,71.44
83,20,131.25,72.31
83,19,129.75,73.17
83,18,128.25,74.04
83,17,126.75,74.91
83,16,125.25,75.77
83,15,123.75,76.64
83,14,122.25,77.50
83,13,120.75,78.37
83,12,119.25,79.24
83,11,117.75,80.10
83,10,116.25,80.97
83,9,114.75,81.84
83,8,113.25,82.70
83,7,111.75,83.57
83,6,110.25,84.43
83,5,108.75,85.30
83,4,107.25,86.17
83,3,105.75,87.03
83,2,104.25,87.90
83,1,102.75,88.76
83,0,101.25,89.63
84,19,134.25,72.31
84,18,132.75,73.17
84,17,131.25,74.04
84,16,129.75,74.91
84,15,128.25,75.77
84,14,126.75,76.64
84,13,125.25,77.50
84,12,123.75,78.37
84,11,122.25,79.24
84,10,120.75,80.10
84,9,119.25,80.97
84,8,117.75,81.84
84,7,116.25,82.70
84,6,114.75,83.57
84,5,113.25,84.43
84,4,111.75,85.30
84,3,110.25,86.17
84,2,108.75,87.03
84,1,107.25,87.90
84,0,105.75,88.76
85,17,135.75,73.17
85,16,134.25,74.04
85,15,132.75,74.91
85,14,131.25,75.77
85,13,129.75,76.64
85,12,128.25,77.50
85,11,126.75,78.37
85,10,125.25,79.24
85,9,123.75,80.10
85,8,122.25,80.97
85,7,120.75,81.83
85,6,119.25,82.70
85,5,117.75,83.57
85,4,116.25,84.43
85,3,114.75,85.30
85,2,113.25,86.17
85,1,111.75,87.03
85,0,110.25,87.90
86,15,137.25,74.04
86,14,135.75,74.91
86,13,134.25,75.77
86,12,132.75,76.64
86,11,131.25,77.50
86,10,129.75,78.37
86,9,128.25,79.24
86,8,126.75,80.10
86,7,125.25,80.97
86,6,123.75,81.83
86,5,122.25,82.70
86,4,120.75,83.57
86,3,119.25,84.43
86,2,117.75,85.30
86,1,116.25,86.17
86,0,114.75,87.03
87,13,138.75,74.91
87,12,137.25,75.77
87,11,135.75,76.64
87,10,134.25,77.50
87,9,132.75,78.37
87,8,131.25,79.24
87,7,129.75,80.10
87,6,128.25,80.97
87,5,126.75,81.83
87,4,125.25,82.70
87,3,123.75,83.57
87,2,122.25,84.43
87,1,120.75,85.30
87,0,119.25,86.16
88,11,140.25,75.77
88,10,138.75,76.64
88,9,137.25,77.50
88,8,135.75,78.37
88,7,134.25,79.24
88,6,132.75,80.10
88,5,131.25,80.97
88,4,129.75,81.83
88,3,128.25,82.70
88,2,126.75,83.57
88,1,125.25,84.43
88,0,123.75,85.30
89,9,141.75,76.64
89,8,140.25,77.50
89,7,138.75,78.37
89,6,137.25,79.24
89,5,135.75,80.10
89,4,134.25,80.97
89,3,132.75,81.83
89,2,131.25,82.70
89,1,129.75,83.57
89,0,128.25,84.43
90,7,143.25,77.50
90,6,141.75,78.37
90,5,140.25,79.24
90,4,138.75,80.10
90,3,137.25,80.97
90,2,135.75,81.83
90,1,134.25,82.70
90,0,132.75,83.57
91,5,144.75,78.37
91,4,143.25,79.24
91,3,141.75,80.10
91,2,140.25,80.97
91,1,138.75,81.83
91,0,137.25,82.70
